{"stats":{"minecraft:crafted":{"minecraft:oak_planks":20,"minecraft:cooked_porkchop":15,"minecraft:crafting_table":1,"minecraft:wooden_pickaxe":1,"minecraft:cooked_chicken":9,"minecraft:furnace":1,"minecraft:stone_axe":1,"minecraft:cooked_mutton":8,"minecraft:air":0,"minecraft:jungle_planks":24,"minecraft:stick":16,"minecraft:stone_pickaxe":1,"minecraft:stone_sword":1,"minecraft:white_bed":1,"minecraft:torch":4,"minecraft:smoker":1},"minecraft:custom":{"minecraft:interact_with_furnace":4,"minecraft:mob_kills":24,"minecraft:animals_bred":1,"minecraft:interact_with_crafting_table":7,"minecraft:time_since_death":1137,"minecraft:sleep_in_bed":2,"minecraft:climb_one_cm":1030,"minecraft:time_since_rest":1162,"minecraft:sprint_one_cm":48495,"minecraft:damage_taken":976,"minecraft:walk_one_cm":41156,"minecraft:drop":3,"minecraft:damage_dealt":2584,"minecraft:swim_one_cm":3131,"minecraft:fly_one_cm":111134,"minecraft:open_chest":1,"minecraft:crouch_one_cm":1905,"minecraft:play_time":17993,"minecraft:deaths":1,"minecraft:sneak_time":1096,"minecraft:walk_under_water_one_cm":4533,"minecraft:jump":486,"minecraft:walk_on_water_one_cm":2836,"minecraft:total_world_time":17993,"minecraft:interact_with_smoker":21,"minecraft:fall_one_cm":16142},"minecraft:used":{"minecraft:cooked_mutton":3,"minecraft:stone_sword":58,"minecraft:stone_pickaxe":16,"minecraft:wooden_pickaxe":30,"minecraft:cooked_chicken":4,"minecraft:torch":3,"minecraft:crafting_table":1,"minecraft:white_bed":2,"minecraft:smoker":1,"minecraft:melon_slice":2,"minecraft:stone_axe":19,"minecraft:cobblestone":7,"minecraft:furnace":1,"minecraft:white_banner":1,"minecraft:cooked_porkchop":3,"minecraft:egg":1},"minecraft:killed_by":{"minecraft:skeleton":1},"minecraft:dropped":{"minecraft:wheat_seeds":1,"minecraft:jungle_log":6,"minecraft:wooden_pickaxe":1},"minecraft:mined":{"minecraft:crafting_table":1,"minecraft:short_grass":21,"minecraft:melon":5,"minecraft:jungle_log":10,"minecraft:tall_grass":11,"minecraft:cobblestone":3,"minecraft:sugar_cane":5,"minecraft:furnace":1,"minecraft:iron_ore":4,"minecraft:fire":1,"minecraft:oak_log":5,"minecraft:pointed_dripstone":5,"minecraft:coal_ore":3,"minecraft:cocoa":2,"minecraft:stone":30,"minecraft:fern":3},"minecraft:killed":{"minecraft:pig":7,"minecraft:sheep":4,"minecraft:pillager":3,"minecraft:zombie":1,"minecraft:chicken":9},"minecraft:picked_up":{"minecraft:cocoa_beans":12,"minecraft:crafting_table":2,"minecraft:feather":10,"minecraft:chicken":9,"minecraft:jungle_log":16,"minecraft:oak_log":5,"minecraft:white_banner":1,"minecraft:cooked_mutton":5,"minecraft:wheat_seeds":9,"minecraft:stone_pickaxe":1,"minecraft:cooked_chicken":5,"minecraft:melon_slice":42,"minecraft:sugar_cane":32,"minecraft:egg":1,"minecraft:furnace":1,"minecraft:stick":12,"minecraft:raw_iron":4,"minecraft:cooked_porkchop":12,"minecraft:torch":2,"minecraft:porkchop":15,"minecraft:pointed_dripstone":16,"minecraft:white_bed":1,"minecraft:stone_sword":1,"minecraft:stone_axe":1,"minecraft:mutton":7,"minecraft:cobblestone":43,"minecraft:coal":2,"minecraft:white_wool":5}},"DataVersion":3700}