{"stats":{"minecraft:broken":{"minecraft:diamond_axe":1},"minecraft:used":{"minecraft:chest":6,"minecraft:rotten_flesh":5,"minecraft:iron_chestplate":1,"minecraft:mutton":1,"minecraft:jungle_planks":39,"minecraft:carrot":1,"minecraft:grass_block":1,"minecraft:iron_helmet":1,"minecraft:bow":69,"minecraft:furnace":8,"minecraft:diorite":30,"minecraft:blackstone":51,"minecraft:stone_pickaxe":82,"minecraft:oak_planks":47,"minecraft:ender_pearl":1,"minecraft:wooden_pickaxe":4,"minecraft:diamond_axe":1362,"minecraft:sugar_cane":33,"minecraft:jungle_boat":4,"minecraft:white_wool":6,"minecraft:sand":2,"minecraft:acacia_door":1,"minecraft:melon_slice":260,"minecraft:bread":1,"minecraft:gravel":117,"minecraft:diamond_sword":547,"minecraft:fire_charge":2,"minecraft:andesite":17,"minecraft:oak_boat":3,"minecraft:cooked_chicken":5,"minecraft:netherrack":763,"minecraft:torch":1,"minecraft:dirt":142,"minecraft:granite":50,"minecraft:wooden_axe":39,"minecraft:iron_axe":31,"minecraft:iron_boots":1,"minecraft:acacia_wood":2,"minecraft:acacia_planks":17,"minecraft:cooked_beef":10,"minecraft:cobbled_deepslate":437,"minecraft:pumpkin":9,"minecraft:cooked_mutton":64,"minecraft:acacia_boat":3,"minecraft:water_bucket":50,"minecraft:cartography_table":1,"minecraft:cobblestone_slab":2,"minecraft:salmon":14,"minecraft:crafting_table":21,"minecraft:white_bed":5,"minecraft:ender_eye":18,"minecraft:diamond_pickaxe":3701,"minecraft:acacia_stairs":5,"minecraft:iron_pickaxe":151,"minecraft:cobblestone":601,"minecraft:potion":2,"minecraft:cooked_porkchop":34,"minecraft:porkchop":11,"minecraft:bucket":52,"minecraft:splash_potion":2},"minecraft:mined":{"minecraft:white_bed":3,"minecraft:fire_coral_wall_fan":1,"minecraft:jungle_leaves":6,"minecraft:obsidian":4,"minecraft:cave_vines_plant":1,"minecraft:granite":66,"minecraft:acacia_log":438,"minecraft:grass_block":7,"minecraft:jungle_log":40,"minecraft:cracked_polished_blackstone_bricks":9,"minecraft:bubble_coral_fan":2,"minecraft:nether_wart":20,"minecraft:spawner":3,"minecraft:weeping_vines_plant":1,"minecraft:tall_seagrass":1,"minecraft:polished_blackstone_bricks":16,"minecraft:magma_block":16,"minecraft:cobbled_deepslate":19,"minecraft:iron_ore":54,"minecraft:fire":22,"minecraft:pumpkin":9,"minecraft:deepslate_lapis_ore":10,"minecraft:pointed_dripstone":14,"minecraft:cave_vines":5,"minecraft:azalea":4,"minecraft:blackstone":3,"minecraft:crimson_nylium":10,"minecraft:soul_fire":8,"minecraft:orange_terracotta":3,"minecraft:torch":1,"minecraft:light_gray_terracotta":1,"minecraft:melon":54,"minecraft:chest":1,"minecraft:dead_bush":3,"minecraft:nether_quartz_ore":10,"minecraft:cobblestone":41,"minecraft:oak_planks":12,"minecraft:sugar_cane":46,"minecraft:iron_door":6,"minecraft:seagrass":2,"minecraft:white_terracotta":2,"minecraft:chain":1,"minecraft:oak_log":106,"minecraft:sand":5,"minecraft:dirt":31,"minecraft:netherrack":1364,"minecraft:oak_leaves":31,"minecraft:deepslate":654,"minecraft:yellow_terracotta":4,"minecraft:nether_gold_ore":1,"minecraft:diamond_ore":1,"minecraft:tuff":18,"minecraft:deepslate_diamond_ore":94,"minecraft:nether_bricks":10,"minecraft:jungle_planks":13,"minecraft:crimson_roots":5,"minecraft:cartography_table":1,"minecraft:moss_block":1,"minecraft:horn_coral_wall_fan":1,"minecraft:crimson_stem":1,"minecraft:hay_block":10,"minecraft:furnace":8,"minecraft:acacia_wood":2,"minecraft:acacia_stairs":10,"minecraft:andesite":49,"minecraft:gold_block":16,"minecraft:bookshelf":161,"minecraft:cobblestone_slab":2,"minecraft:deepslate_iron_ore":40,"minecraft:vine":18,"minecraft:rail":31,"minecraft:bamboo":1,"minecraft:stone":873,"minecraft:bone_block":33,"minecraft:white_wool":2,"minecraft:acacia_leaves":21,"minecraft:flowering_azalea":6,"minecraft:soul_sand":3,"minecraft:infested_stone_bricks":1,"minecraft:basalt":21,"minecraft:crafting_table":14,"minecraft:short_grass":407,"minecraft:copper_ore":2,"minecraft:tall_grass":40,"minecraft:deepslate_gold_ore":52,"minecraft:lapis_ore":2,"minecraft:diorite":47,"minecraft:red_terracotta":3,"minecraft:sea_pickle":1,"minecraft:coal_ore":83,"minecraft:acacia_door":1,"minecraft:dripstone_block":12,"minecraft:gravel":51,"minecraft:cobweb":9,"minecraft:cracked_stone_bricks":3,"minecraft:terracotta":15,"minecraft:acacia_planks":4,"minecraft:stone_bricks":13,"minecraft:mossy_stone_bricks":3,"minecraft:gold_ore":32,"minecraft:fern":49},"minecraft:killed_by":{"minecraft:drowned":1,"minecraft:piglin":1,"minecraft:iron_golem":1},"minecraft:custom":{"minecraft:animals_bred":18,"minecraft:interact_with_crafting_table":93,"minecraft:leave_game":6,"minecraft:time_since_death":87879,"minecraft:sprint_one_cm":1610947,"minecraft:drop":413,"minecraft:talked_to_villager":239,"minecraft:play_time":542454,"minecraft:deaths":4,"minecraft:jump":13056,"minecraft:walk_on_water_one_cm":63956,"minecraft:enchant_item":16,"minecraft:interact_with_furnace":271,"minecraft:traded_with_villager":157,"minecraft:interact_with_cartography_table":3,"minecraft:sleep_in_bed":10,"minecraft:damage_dealt":47252,"minecraft:crouch_one_cm":27912,"minecraft:mob_kills":319,"minecraft:climb_one_cm":8610,"minecraft:walk_one_cm":736373,"minecraft:sneak_time":6629,"minecraft:walk_under_water_one_cm":51793,"minecraft:boat_one_cm":414018,"minecraft:total_world_time":542454,"minecraft:interact_with_grindstone":1,"minecraft:time_since_rest":87899,"minecraft:damage_taken":11495,"minecraft:swim_one_cm":119600,"minecraft:fly_one_cm":2470291,"minecraft:open_chest":289,"minecraft:fall_one_cm":398153},"minecraft:picked_up":{"minecraft:iron_chestplate":2,"minecraft:wheat":7,"minecraft:diamond_sword":2,"minecraft:enchanted_book":1,"minecraft:potion":4,"minecraft:nether_brick":51,"minecraft:string":50,"minecraft:raw_copper":4,"minecraft:iron_leggings":7,"minecraft:diamond_leggings":1,"minecraft:gold_nugget":3,"minecraft:cobbled_deepslate":892,"minecraft:eye_armor_trim_smithing_template":1,"minecraft:cobblestone_slab":2,"minecraft:ender_eye":12,"minecraft:azalea":4,"minecraft:melon_slice":270,"minecraft:furnace":8,"minecraft:iron_boots":5,"minecraft:stick":30,"minecraft:torch":2,"minecraft:acacia_log":408,"minecraft:porkchop":58,"minecraft:pointed_dripstone":28,"minecraft:diorite":48,"minecraft:stone_sword":1,"minecraft:rotten_flesh":40,"minecraft:white_terracotta":2,"minecraft:blaze_rod":18,"minecraft:obsidian":13,"minecraft:blaze_powder":16,"minecraft:cobblestone":1150,"minecraft:magma_block":12,"minecraft:feather":15,"minecraft:magma_cream":2,"minecraft:iron_door":6,"minecraft:water_bucket":1,"minecraft:andesite":65,"minecraft:jungle_log":39,"minecraft:brown_wool":1,"minecraft:flint":8,"minecraft:tuff":12,"minecraft:acacia_boat":2,"minecraft:dirt":34,"minecraft:lapis_lazuli":132,"minecraft:bone":45,"minecraft:acacia_planks":60,"minecraft:bow":3,"minecraft:wheat_seeds":38,"minecraft:raw_gold":131,"minecraft:mossy_stone_bricks":3,"minecraft:diamond_helmet":1,"minecraft:rabbit":1,"minecraft:bamboo":9,"minecraft:oak_planks":32,"minecraft:cooked_porkchop":8,"minecraft:jungle_planks":6,"minecraft:sand":5,"minecraft:ink_sac":1,"minecraft:grass_block":1,"minecraft:acacia_stairs":15,"minecraft:red_terracotta":3,"minecraft:spectral_arrow":146,"minecraft:light_gray_terracotta":3,"minecraft:diamond":128,"minecraft:cracked_polished_blackstone_bricks":9,"minecraft:granite":93,"minecraft:bone_meal":3,"minecraft:oak_sapling":4,"minecraft:netherrack":1306,"minecraft:crimson_roots":7,"minecraft:diamond_pickaxe":3,"minecraft:crafting_table":14,"minecraft:splash_potion":2,"minecraft:chicken":6,"minecraft:nether_wart":39,"minecraft:wooden_pickaxe":1,"minecraft:gold_block":16,"minecraft:acacia_door":1,"minecraft:blackstone":175,"minecraft:cracked_stone_bricks":3,"minecraft:cartography_table":1,"minecraft:beef":18,"minecraft:oak_boat":2,"minecraft:iron_nugget":64,"minecraft:poppy":1,"minecraft:light_gray_wool":8,"minecraft:sugar_cane":59,"minecraft:chest":1,"minecraft:raw_iron":156,"minecraft:fire_charge":12,"minecraft:polished_blackstone_bricks":13,"minecraft:carrot":1,"minecraft:diamond_chestplate":1,"minecraft:arrow":28,"minecraft:nether_bricks":10,"minecraft:shears":1,"minecraft:diamond_boots":1,"minecraft:hay_block":10,"minecraft:yellow_terracotta":4,"minecraft:gold_ingot":95,"minecraft:glow_berries":1,"minecraft:mutton":61,"minecraft:bone_block":31,"minecraft:rail":30,"minecraft:white_wool":368,"minecraft:jungle_boat":4,"minecraft:basalt":19,"minecraft:crimson_stem":1,"minecraft:salmon":19,"minecraft:leather":64,"minecraft:acacia_wood":2,"minecraft:oak_log":103,"minecraft:gunpowder":1,"minecraft:orange_terracotta":3,"minecraft:cooked_mutton":29,"minecraft:apple":10,"minecraft:stone_bricks":11,"minecraft:iron_ingot":6,"minecraft:stone_pickaxe":16,"minecraft:glass_bottle":1,"minecraft:soul_sand":32,"minecraft:flowering_azalea":6,"minecraft:acacia_sapling":2,"minecraft:book":483,"minecraft:pumpkin":9,"minecraft:quartz":55,"minecraft:dandelion":1,"minecraft:dripstone_block":17,"minecraft:gravel":284,"minecraft:white_bed":3,"minecraft:crying_obsidian":25,"minecraft:spider_eye":2,"minecraft:leather_helmet":1,"minecraft:iron_helmet":17,"minecraft:diamond_axe":2,"minecraft:gray_wool":4,"minecraft:terracotta":15,"minecraft:black_wool":1,"minecraft:melon_seeds":3,"minecraft:coal":223,"minecraft:ender_pearl":7},"minecraft:dropped":{"minecraft:acacia_boat":1,"minecraft:porkchop":3,"minecraft:diamond_axe":2,"minecraft:glass_bottle":3,"minecraft:leather":11,"minecraft:jungle_planks":1,"minecraft:cracked_stone_bricks":3,"minecraft:leather_helmet":1,"minecraft:flint":5,"minecraft:dirt":20,"minecraft:jungle_button":1,"minecraft:crimson_roots":2,"minecraft:gold_nugget":12,"minecraft:sand":3,"minecraft:white_wool":7,"minecraft:gold_ingot":238,"minecraft:bone":9,"minecraft:gravel":77,"minecraft:blackstone":65,"minecraft:sugar_cane":2,"minecraft:cobbled_deepslate":19,"minecraft:golden_chestplate":1,"minecraft:nether_brick":11,"minecraft:obsidian":8,"minecraft:rotten_flesh":58,"minecraft:acacia_stairs":7,"minecraft:eye_armor_trim_smithing_template":1,"minecraft:gunpowder":1,"minecraft:melon_seeds":3,"minecraft:jungle_log":1,"minecraft:chest":1,"minecraft:acacia_sapling":2,"minecraft:basalt":19,"minecraft:crying_obsidian":6,"minecraft:quartz":30,"minecraft:netherrack":173,"minecraft:golden_boots":1,"minecraft:black_dye":1,"minecraft:wheat_seeds":19,"minecraft:dripstone_block":17,"minecraft:iron_helmet":15,"minecraft:yellow_terracotta":4,"minecraft:cobblestone":196,"minecraft:apple":10,"minecraft:granite":26,"minecraft:acacia_log":1,"minecraft:coal":2,"minecraft:stick":2,"minecraft:gray_wool":4,"minecraft:diorite":2,"minecraft:torch":1,"minecraft:wooden_axe":1,"minecraft:rabbit":1,"minecraft:brown_wool":1,"minecraft:iron_leggings":6,"minecraft:string":2,"minecraft:acacia_planks":67,"minecraft:stone_sword":1,"minecraft:light_gray_terracotta":2,"minecraft:light_gray_wool":8,"minecraft:iron_boots":4,"minecraft:white_terracotta":2,"minecraft:flint_and_steel":1,"minecraft:orange_terracotta":3,"minecraft:iron_chestplate":2,"minecraft:diamond_pickaxe":3,"minecraft:andesite":20,"minecraft:mossy_stone_bricks":3,"minecraft:oak_sapling":3,"minecraft:stone_bricks":11,"minecraft:spider_eye":2,"minecraft:bamboo":9,"minecraft:bow":1,"minecraft:stone_pickaxe":17,"minecraft:wooden_pickaxe":2,"minecraft:black_wool":1,"minecraft:terracotta":15},"minecraft:killed":{"minecraft:zombified_piglin":1,"minecraft:witch":1,"minecraft:spider":6,"minecraft:skeleton":36,"minecraft:chicken":7,"minecraft:silverfish":4,"minecraft:piglin_brute":3,"minecraft:magma_cube":38,"minecraft:piglin":4,"minecraft:pig":6,"minecraft:salmon":22,"minecraft:iron_golem":3,"minecraft:creeper":6,"minecraft:sheep":51,"minecraft:zombie":42,"minecraft:donkey":1,"minecraft:ghast":2,"minecraft:blaze":34,"minecraft:cow":9,"minecraft:drowned":1,"minecraft:rabbit":1,"minecraft:hoglin":17,"minecraft:wither_skeleton":16,"minecraft:enderman":4},"minecraft:crafted":{"minecraft:black_dye":1,"minecraft:jungle_button":1,"minecraft:oak_planks":412,"minecraft:blaze_powder":36,"minecraft:cooked_chicken":5,"minecraft:cooked_mutton":76,"minecraft:diamond_leggings":1,"minecraft:diamond_helmet":1,"minecraft:bow":3,"minecraft:iron_boots":2,"minecraft:chest":6,"minecraft:ender_eye":7,"minecraft:golden_boots":3,"minecraft:emerald":122,"minecraft:cooked_porkchop":27,"minecraft:diamond_axe":4,"minecraft:crafting_table":9,"minecraft:jungle_boat":1,"minecraft:wooden_pickaxe":1,"minecraft:iron_helmet":29,"minecraft:iron_chestplate":3,"minecraft:book":3,"minecraft:paper":21,"minecraft:diamond_pickaxe":6,"minecraft:stick":3751,"minecraft:iron_ingot":86,"minecraft:iron_pickaxe":1,"minecraft:gold_ingot":138,"minecraft:shears":2,"minecraft:furnace":3,"minecraft:iron_axe":1,"minecraft:stone_pickaxe":1,"minecraft:diamond_boots":1,"minecraft:cooked_beef":11,"minecraft:red_dye":1,"minecraft:diamond_sword":2,"minecraft:bucket":3,"minecraft:acacia_boat":2,"minecraft:air":0,"minecraft:jungle_planks":152,"minecraft:oak_boat":1,"minecraft:gold_nugget":9,"minecraft:wooden_axe":1,"minecraft:iron_leggings":7,"minecraft:white_bed":2,"minecraft:acacia_planks":1624,"minecraft:diamond_chestplate":1}},"DataVersion":3700}