{"stats":{"minecraft:killed":{"minecraft:zombified_piglin":1,"minecraft:witch":1,"minecraft:spider":8,"minecraft:skeleton":39,"minecraft:chicken":7,"minecraft:silverfish":4,"minecraft:piglin_brute":6,"minecraft:magma_cube":38,"minecraft:piglin":27,"minecraft:pig":6,"minecraft:zombie_villager":1,"minecraft:salmon":22,"minecraft:iron_golem":5,"minecraft:strider":2,"minecraft:creeper":6,"minecraft:sheep":122,"minecraft:zombie":53,"minecraft:donkey":1,"minecraft:ghast":4,"minecraft:blaze":34,"minecraft:cow":9,"minecraft:drowned":1,"minecraft:rabbit":1,"minecraft:hoglin":26,"minecraft:wither_skeleton":16,"minecraft:enderman":21},"minecraft:used":{"minecraft:moss_block":46,"minecraft:chest":8,"minecraft:rotten_flesh":5,"minecraft:iron_chestplate":1,"minecraft:soul_sand":8,"minecraft:mutton":1,"minecraft:jungle_planks":39,"minecraft:carrot":1,"minecraft:grass_block":1,"minecraft:warped_nylium":2,"minecraft:iron_helmet":1,"minecraft:bow":182,"minecraft:furnace":8,"minecraft:diamond_boots":1,"minecraft:diorite":36,"minecraft:stone_pickaxe":82,"minecraft:oak_planks":47,"minecraft:blackstone":51,"minecraft:ender_pearl":10,"minecraft:wooden_pickaxe":4,"minecraft:diamond_axe":1632,"minecraft:sugar_cane":33,"minecraft:jungle_boat":4,"minecraft:white_wool":6,"minecraft:golden_apple":4,"minecraft:sand":2,"minecraft:end_stone":1,"minecraft:acacia_door":1,"minecraft:melon_slice":260,"minecraft:bread":1,"minecraft:gravel":121,"minecraft:nether_wart_block":2,"minecraft:diamond_sword":661,"minecraft:fire_charge":3,"minecraft:andesite":34,"minecraft:oak_boat":3,"minecraft:cooked_chicken":5,"minecraft:netherrack":1793,"minecraft:torch":1,"minecraft:dirt":146,"minecraft:diamond_helmet":1,"minecraft:granite":50,"minecraft:wooden_axe":39,"minecraft:iron_axe":31,"minecraft:iron_boots":1,"minecraft:acacia_wood":2,"minecraft:cooked_beef":10,"minecraft:cobbled_deepslate":601,"minecraft:acacia_planks":46,"minecraft:pumpkin":9,"minecraft:cooked_mutton":133,"minecraft:acacia_boat":3,"minecraft:water_bucket":50,"minecraft:cartography_table":1,"minecraft:cobblestone_slab":2,"minecraft:salmon":14,"minecraft:crafting_table":23,"minecraft:white_bed":9,"minecraft:ender_eye":26,"minecraft:diamond_pickaxe":7236,"minecraft:acacia_stairs":5,"minecraft:iron_pickaxe":151,"minecraft:cobblestone":684,"minecraft:potion":3,"minecraft:cooked_porkchop":35,"minecraft:porkchop":11,"minecraft:bucket":52,"minecraft:splash_potion":3},"minecraft:custom":{"minecraft:animals_bred":75,"minecraft:interact_with_crafting_table":106,"minecraft:leave_game":7,"minecraft:time_since_death":20432,"minecraft:sprint_one_cm":2188903,"minecraft:drop":571,"minecraft:talked_to_villager":263,"minecraft:play_time":759652,"minecraft:deaths":7,"minecraft:jump":17848,"minecraft:walk_on_water_one_cm":69112,"minecraft:enchant_item":18,"minecraft:interact_with_furnace":387,"minecraft:traded_with_villager":157,"minecraft:interact_with_cartography_table":3,"minecraft:sleep_in_bed":14,"minecraft:damage_dealt":69200,"minecraft:crouch_one_cm":56081,"minecraft:interact_with_smithing_table":4,"minecraft:interact_with_anvil":11,"minecraft:mob_kills":474,"minecraft:climb_one_cm":9344,"minecraft:walk_one_cm":1055640,"minecraft:sneak_time":11114,"minecraft:walk_under_water_one_cm":54529,"minecraft:boat_one_cm":414018,"minecraft:total_world_time":759652,"minecraft:interact_with_grindstone":5,"minecraft:time_since_rest":1184,"minecraft:damage_absorbed":160,"minecraft:damage_taken":16687,"minecraft:swim_one_cm":123103,"minecraft:fly_one_cm":3436894,"minecraft:open_chest":447,"minecraft:fall_one_cm":566726},"minecraft:dropped":{"minecraft:acacia_boat":1,"minecraft:soul_sand":13,"minecraft:brown_mushroom":1,"minecraft:porkchop":10,"minecraft:diamond_axe":4,"minecraft:glass_bottle":4,"minecraft:crossbow":3,"minecraft:warped_roots":1,"minecraft:leather":22,"minecraft:jungle_planks":1,"minecraft:cracked_stone_bricks":3,"minecraft:leather_helmet":1,"minecraft:emerald":13,"minecraft:flint":5,"minecraft:dirt":22,"minecraft:jungle_button":1,"minecraft:crimson_roots":4,"minecraft:gold_nugget":22,"minecraft:bone_block":7,"minecraft:sand":3,"minecraft:white_wool":41,"minecraft:gold_ingot":332,"minecraft:bone":10,"minecraft:gravel":156,"minecraft:blackstone":134,"minecraft:sugar_cane":5,"minecraft:nether_brick":11,"minecraft:cobbled_deepslate":398,"minecraft:golden_chestplate":2,"minecraft:obsidian":16,"minecraft:rotten_flesh":64,"minecraft:cooked_mutton":18,"minecraft:white_bed":7,"minecraft:acacia_stairs":7,"minecraft:eye_armor_trim_smithing_template":1,"minecraft:poppy":2,"minecraft:gunpowder":2,"minecraft:melon_seeds":3,"minecraft:jungle_log":1,"minecraft:acacia_sapling":2,"minecraft:chest":2,"minecraft:basalt":64,"minecraft:arrow":3,"minecraft:crying_obsidian":20,"minecraft:quartz":60,"minecraft:netherrack":188,"minecraft:water_bucket":1,"minecraft:golden_boots":1,"minecraft:iron_ingot":4,"minecraft:black_dye":1,"minecraft:wheat_seeds":21,"minecraft:dripstone_block":17,"minecraft:yellow_terracotta":4,"minecraft:cobblestone":212,"minecraft:iron_helmet":15,"minecraft:apple":10,"minecraft:granite":30,"minecraft:golden_apple":5,"minecraft:acacia_log":1,"minecraft:coal":2,"minecraft:stick":2,"minecraft:gray_wool":4,"minecraft:diorite":21,"minecraft:torch":1,"minecraft:wooden_axe":1,"minecraft:rabbit":1,"minecraft:brown_wool":1,"minecraft:potion":2,"minecraft:iron_leggings":6,"minecraft:string":34,"minecraft:acacia_planks":67,"minecraft:stone_sword":1,"minecraft:raw_copper":6,"minecraft:light_gray_terracotta":2,"minecraft:tuff":82,"minecraft:stone_shovel":8,"minecraft:light_gray_wool":8,"minecraft:iron_boots":4,"minecraft:white_terracotta":2,"minecraft:flint_and_steel":1,"minecraft:orange_terracotta":3,"minecraft:diamond_pickaxe":5,"minecraft:iron_chestplate":2,"minecraft:andesite":54,"minecraft:mossy_stone_bricks":3,"minecraft:oak_sapling":3,"minecraft:golden_sword":2,"minecraft:stone_bricks":11,"minecraft:spider_eye":2,"minecraft:bamboo":9,"minecraft:stone_pickaxe":17,"minecraft:bow":1,"minecraft:wooden_pickaxe":2,"minecraft:black_wool":1,"minecraft:terracotta":15},"minecraft:mined":{"minecraft:white_bed":3,"minecraft:fire_coral_wall_fan":1,"minecraft:jungle_leaves":6,"minecraft:obsidian":4,"minecraft:cave_vines_plant":1,"minecraft:granite":87,"minecraft:acacia_log":463,"minecraft:grass_block":8,"minecraft:jungle_log":40,"minecraft:cracked_polished_blackstone_bricks":22,"minecraft:bubble_coral_fan":2,"minecraft:nether_wart":20,"minecraft:gilded_blackstone":1,"minecraft:spawner":3,"minecraft:tall_seagrass":1,"minecraft:polished_blackstone_bricks":63,"minecraft:weeping_vines_plant":3,"minecraft:magma_block":17,"minecraft:fire":45,"minecraft:iron_ore":54,"minecraft:cobbled_deepslate":25,"minecraft:pumpkin":9,"minecraft:deepslate_lapis_ore":12,"minecraft:pointed_dripstone":14,"minecraft:cave_vines":5,"minecraft:azalea":4,"minecraft:blackstone":9,"minecraft:orange_terracotta":3,"minecraft:crimson_nylium":13,"minecraft:soul_fire":8,"minecraft:torch":1,"minecraft:light_gray_terracotta":1,"minecraft:melon":54,"minecraft:chest":1,"minecraft:dead_bush":3,"minecraft:nether_quartz_ore":558,"minecraft:cobblestone":41,"minecraft:sugar_cane":46,"minecraft:oak_planks":12,"minecraft:iron_door":6,"minecraft:seagrass":2,"minecraft:white_terracotta":2,"minecraft:chain":1,"minecraft:nether_wart_block":2,"minecraft:warped_fungus":1,"minecraft:oak_log":106,"minecraft:sand":5,"minecraft:dirt":35,"minecraft:netherrack":3109,"minecraft:oak_leaves":31,"minecraft:deepslate":1217,"minecraft:yellow_terracotta":4,"minecraft:nether_gold_ore":6,"minecraft:diamond_ore":1,"minecraft:tuff":102,"minecraft:deepslate_diamond_ore":176,"minecraft:end_stone":8,"minecraft:nether_bricks":10,"minecraft:jungle_planks":13,"minecraft:crimson_roots":8,"minecraft:cartography_table":1,"minecraft:moss_block":14,"minecraft:horn_coral_wall_fan":1,"minecraft:crimson_stem":1,"minecraft:hay_block":10,"minecraft:furnace":8,"minecraft:acacia_wood":2,"minecraft:acacia_stairs":10,"minecraft:andesite":102,"minecraft:gold_block":32,"minecraft:bookshelf":161,"minecraft:cobblestone_slab":2,"minecraft:deepslate_iron_ore":44,"minecraft:vine":18,"minecraft:rail":31,"minecraft:bamboo":1,"minecraft:stone":1001,"minecraft:bone_block":33,"minecraft:white_wool":2,"minecraft:acacia_leaves":22,"minecraft:flowering_azalea":6,"minecraft:soul_sand":3,"minecraft:infested_stone_bricks":1,"minecraft:basalt":71,"minecraft:crafting_table":14,"minecraft:short_grass":417,"minecraft:warped_roots":4,"minecraft:tall_grass":42,"minecraft:copper_ore":4,"minecraft:deepslate_gold_ore":127,"minecraft:lapis_ore":2,"minecraft:diorite":73,"minecraft:red_terracotta":3,"minecraft:sea_pickle":1,"minecraft:coal_ore":84,"minecraft:acacia_door":1,"minecraft:gravel":64,"minecraft:dripstone_block":12,"minecraft:cobweb":9,"minecraft:cracked_stone_bricks":3,"minecraft:terracotta":15,"minecraft:acacia_planks":16,"minecraft:stone_bricks":13,"minecraft:mossy_stone_bricks":3,"minecraft:gold_ore":53,"minecraft:fern":49},"minecraft:crafted":{"minecraft:black_dye":1,"minecraft:jungle_button":1,"minecraft:oak_planks":412,"minecraft:blaze_powder":36,"minecraft:cooked_chicken":5,"minecraft:cooked_mutton":165,"minecraft:iron_boots":2,"minecraft:diamond_helmet":4,"minecraft:diamond_leggings":4,"minecraft:bow":3,"minecraft:chest":9,"minecraft:ender_eye":19,"minecraft:golden_boots":3,"minecraft:emerald":122,"minecraft:cooked_porkchop":27,"minecraft:diamond_axe":6,"minecraft:crafting_table":11,"minecraft:jungle_boat":1,"minecraft:wooden_pickaxe":1,"minecraft:iron_helmet":29,"minecraft:iron_chestplate":3,"minecraft:book":3,"minecraft:paper":21,"minecraft:diamond_pickaxe":8,"minecraft:stick":3791,"minecraft:iron_ingot":99,"minecraft:iron_pickaxe":1,"minecraft:gold_ingot":325,"minecraft:shears":2,"minecraft:furnace":3,"minecraft:iron_axe":1,"minecraft:stone_pickaxe":1,"minecraft:diamond_boots":4,"minecraft:cooked_beef":11,"minecraft:red_dye":1,"minecraft:diamond_sword":3,"minecraft:bucket":3,"minecraft:acacia_boat":2,"minecraft:air":0,"minecraft:jungle_planks":152,"minecraft:oak_boat":1,"minecraft:golden_apple":10,"minecraft:gold_nugget":9,"minecraft:wooden_axe":1,"minecraft:iron_leggings":7,"minecraft:white_bed":22,"minecraft:acacia_planks":1720,"minecraft:diamond_chestplate":4},"minecraft:picked_up":{"minecraft:iron_chestplate":2,"minecraft:wheat":7,"minecraft:diamond_sword":4,"minecraft:enchanted_book":2,"minecraft:potion":6,"minecraft:nether_brick":102,"minecraft:golden_sword":2,"minecraft:string":81,"minecraft:raw_copper":10,"minecraft:iron_leggings":7,"minecraft:diamond_leggings":3,"minecraft:gold_nugget":13,"minecraft:cobbled_deepslate":1435,"minecraft:eye_armor_trim_smithing_template":1,"minecraft:cobblestone_slab":2,"minecraft:ender_eye":20,"minecraft:azalea":4,"minecraft:melon_slice":270,"minecraft:furnace":8,"minecraft:iron_boots":6,"minecraft:stick":30,"minecraft:torch":2,"minecraft:acacia_log":432,"minecraft:porkchop":68,"minecraft:pointed_dripstone":28,"minecraft:diorite":73,"minecraft:stone_sword":1,"minecraft:rotten_flesh":46,"minecraft:white_terracotta":2,"minecraft:blaze_rod":18,"minecraft:obsidian":21,"minecraft:iron_bars":6,"minecraft:blaze_powder":16,"minecraft:cobblestone":1249,"minecraft:magma_block":12,"minecraft:feather":15,"minecraft:magma_cream":2,"minecraft:iron_door":6,"minecraft:water_bucket":1,"minecraft:andesite":116,"minecraft:jungle_log":39,"minecraft:brown_wool":1,"minecraft:flint":8,"minecraft:tuff":94,"minecraft:acacia_boat":2,"minecraft:dirt":232,"minecraft:lapis_lazuli":150,"minecraft:bone":46,"minecraft:acacia_planks":72,"minecraft:bow":5,"minecraft:wheat_seeds":40,"minecraft:raw_gold":227,"minecraft:rabbit":1,"minecraft:diamond_helmet":4,"minecraft:mossy_stone_bricks":3,"minecraft:bamboo":9,"minecraft:moss_block":8,"minecraft:oak_planks":32,"minecraft:ghast_tear":1,"minecraft:cooked_porkchop":8,"minecraft:jungle_planks":6,"minecraft:sand":5,"minecraft:ink_sac":1,"minecraft:grass_block":1,"minecraft:acacia_stairs":15,"minecraft:spectral_arrow":327,"minecraft:red_terracotta":3,"minecraft:light_gray_terracotta":3,"minecraft:diamond":210,"minecraft:cracked_polished_blackstone_bricks":20,"minecraft:crossbow":2,"minecraft:granite":97,"minecraft:bone_meal":3,"minecraft:golden_apple":6,"minecraft:oak_sapling":4,"minecraft:netherrack":2449,"minecraft:crimson_roots":9,"minecraft:diamond_pickaxe":5,"minecraft:crafting_table":14,"minecraft:splash_potion":6,"minecraft:chicken":6,"minecraft:nether_wart":39,"minecraft:brown_mushroom":1,"minecraft:wooden_pickaxe":1,"minecraft:gold_block":32,"minecraft:acacia_door":1,"minecraft:blackstone":246,"minecraft:cracked_stone_bricks":3,"minecraft:cartography_table":1,"minecraft:beef":18,"minecraft:oak_boat":2,"minecraft:iron_nugget":120,"minecraft:poppy":3,"minecraft:light_gray_wool":8,"minecraft:sugar_cane":62,"minecraft:chest":1,"minecraft:raw_iron":158,"minecraft:end_stone":11,"minecraft:fire_charge":21,"minecraft:polished_blackstone_bricks":58,"minecraft:carrot":1,"minecraft:diamond_chestplate":4,"minecraft:arrow":30,"minecraft:nether_bricks":10,"minecraft:shears":1,"minecraft:diamond_boots":4,"minecraft:hay_block":10,"minecraft:yellow_terracotta":4,"minecraft:gold_ingot":95,"minecraft:glow_berries":1,"minecraft:mutton":164,"minecraft:bone_block":38,"minecraft:rail":30,"minecraft:white_wool":597,"minecraft:jungle_boat":4,"minecraft:basalt":65,"minecraft:crimson_stem":1,"minecraft:salmon":19,"minecraft:leather":75,"minecraft:acacia_wood":2,"minecraft:oak_log":103,"minecraft:nether_wart_block":2,"minecraft:gunpowder":2,"minecraft:orange_terracotta":3,"minecraft:cooked_mutton":48,"minecraft:apple":10,"minecraft:stone_bricks":11,"minecraft:iron_ingot":14,"minecraft:stone_pickaxe":16,"minecraft:glass_bottle":1,"minecraft:soul_sand":178,"minecraft:flowering_azalea":6,"minecraft:acacia_sapling":2,"minecraft:book":483,"minecraft:pumpkin":9,"minecraft:quartz":562,"minecraft:dandelion":1,"minecraft:dripstone_block":17,"minecraft:gravel":367,"minecraft:white_bed":12,"minecraft:crying_obsidian":39,"minecraft:spider_eye":2,"minecraft:leather_helmet":1,"minecraft:iron_helmet":17,"minecraft:diamond_axe":7,"minecraft:gray_wool":4,"minecraft:warped_roots":1,"minecraft:warped_nylium":2,"minecraft:terracotta":15,"minecraft:black_wool":1,"minecraft:melon_seeds":3,"minecraft:coal":223,"minecraft:ender_pearl":45},"minecraft:broken":{"minecraft:diamond_pickaxe":1,"minecraft:diamond_axe":1},"minecraft:killed_by":{"minecraft:drowned":1,"minecraft:piglin":1,"minecraft:player":1,"minecraft:iron_golem":1,"minecraft:ender_dragon":1}},"DataVersion":3700}