{"stats":{"minecraft:mined":{"minecraft:glass_pane":1,"minecraft:basalt":7,"minecraft:jungle_leaves":1,"minecraft:crafting_table":2,"minecraft:short_grass":24,"minecraft:grass_block":1,"minecraft:crimson_roots":2,"minecraft:tall_grass":6,"minecraft:sugar_cane":11,"minecraft:seagrass":1,"minecraft:nether_wart_block":2,"minecraft:fire":7,"minecraft:enchanting_table":1,"minecraft:oak_log":28,"minecraft:vine":1,"minecraft:dirt":3,"minecraft:stone":7,"minecraft:netherrack":331},"minecraft:crafted":{"minecraft:cooked_beef":19,"minecraft:oak_planks":112,"minecraft:stone_shovel":1,"minecraft:cooked_porkchop":14,"minecraft:crafting_table":1,"minecraft:iron_helmet":1,"minecraft:wooden_pickaxe":1,"minecraft:cooked_chicken":5,"minecraft:iron_sword":1,"minecraft:stone_axe":1,"minecraft:cooked_mutton":9,"minecraft:air":0,"minecraft:oak_boat":1,"minecraft:stick":8,"minecraft:iron_ingot":2,"minecraft:stone_pickaxe":1,"minecraft:gold_ingot":4,"minecraft:iron_leggings":1},"minecraft:killed":{"minecraft:pig":10,"minecraft:hoglin":1,"minecraft:sheep":8,"minecraft:chicken":5,"minecraft:enderman":1,"minecraft:cow":8},"minecraft:used":{"minecraft:cooked_mutton":9,"minecraft:enchanting_table":1,"minecraft:oak_planks":91,"minecraft:wooden_pickaxe":12,"minecraft:iron_sword":18,"minecraft:netherrack":263,"minecraft:cooked_chicken":5,"minecraft:dirt":4,"minecraft:mutton":2,"minecraft:crafting_table":2,"minecraft:diamond_pickaxe":342,"minecraft:basalt":6,"minecraft:stone_axe":66,"minecraft:nether_wart_block":2,"minecraft:beef":8,"minecraft:cooked_porkchop":1,"minecraft:porkchop":2,"minecraft:oak_boat":2,"minecraft:egg":1,"minecraft:cooked_beef":1},"minecraft:picked_up":{"minecraft:enchanting_table":1,"minecraft:crafting_table":2,"minecraft:iron_chestplate":1,"minecraft:feather":7,"minecraft:basalt":6,"minecraft:chicken":5,"minecraft:leather":6,"minecraft:oak_log":28,"minecraft:nether_wart_block":2,"minecraft:dirt":4,"minecraft:iron_leggings":6,"minecraft:wheat_seeds":3,"minecraft:gold_nugget":1,"minecraft:beef":17,"minecraft:stone_pickaxe":9,"minecraft:oak_boat":1,"minecraft:light_gray_wool":1,"minecraft:sugar_cane":32,"minecraft:iron_boots":1,"minecraft:egg":1,"minecraft:porkchop":26,"minecraft:rotten_flesh":1,"minecraft:iron_helmet":19,"minecraft:netherrack":306,"minecraft:ender_pearl":1,"minecraft:mutton":11,"minecraft:crimson_roots":2,"minecraft:white_wool":7,"minecraft:cobblestone":7,"minecraft:diamond_pickaxe":1},"minecraft:dropped":{"minecraft:wheat_seeds":3,"minecraft:iron_helmet":6,"minecraft:feather":7,"minecraft:rotten_flesh":1,"minecraft:light_gray_wool":1,"minecraft:crimson_roots":2,"minecraft:iron_leggings":4,"minecraft:gold_nugget":1,"minecraft:stone_pickaxe":10,"minecraft:wooden_pickaxe":1},"minecraft:custom":{"minecraft:interact_with_furnace":62,"minecraft:mob_kills":33,"minecraft:interact_with_crafting_table":6,"minecraft:leave_game":1,"minecraft:time_since_death":39859,"minecraft:climb_one_cm":804,"minecraft:time_since_rest":39859,"minecraft:sprint_one_cm":126537,"minecraft:damage_taken":1035,"minecraft:walk_one_cm":48683,"minecraft:drop":29,"minecraft:damage_dealt":3400,"minecraft:swim_one_cm":7140,"minecraft:fly_one_cm":319936,"minecraft:open_chest":21,"minecraft:crouch_one_cm":25750,"minecraft:play_time":39859,"minecraft:sneak_time":5809,"minecraft:walk_under_water_one_cm":432,"minecraft:boat_one_cm":25449,"minecraft:jump":1493,"minecraft:walk_on_water_one_cm":2531,"minecraft:total_world_time":39859,"minecraft:fall_one_cm":57383}},"DataVersion":3700}