{"stats":{"minecraft:killed":{"minecraft:spider":18,"minecraft:shulker":6,"minecraft:skeleton":58,"minecraft:chicken":17,"minecraft:magma_cube":4,"minecraft:piglin":1,"minecraft:pig":51,"minecraft:zombie_villager":1,"minecraft:iron_golem":29,"minecraft:ender_dragon":1,"minecraft:creeper":28,"minecraft:sheep":60,"minecraft:pillager":1,"minecraft:zombie":67,"minecraft:ghast":1,"minecraft:glow_squid":1,"minecraft:cow":44,"minecraft:enderman":18},"minecraft:used":{"minecraft:nether_brick_fence":8,"minecraft:polished_deepslate":187,"minecraft:iron_shovel":480,"minecraft:spruce_slab":22,"minecraft:polished_blackstone":95,"minecraft:poppy":2,"minecraft:diamond_hoe":62,"minecraft:chest":35,"minecraft:iron_chestplate":1,"minecraft:mutton":3,"minecraft:jungle_planks":15,"minecraft:furnace_minecart":1,"minecraft:tuff":4,"minecraft:obsidian":46,"minecraft:spruce_boat":1,"minecraft:glass":92,"minecraft:lava_bucket":3,"minecraft:blue_banner":14,"minecraft:red_carpet":3,"minecraft:bow":8,"minecraft:scaffolding":38,"minecraft:furnace":26,"minecraft:gray_bed":5,"minecraft:diamond_boots":1,"minecraft:chorus_fruit":2,"minecraft:acacia_trapdoor":2,"minecraft:stone_pickaxe":97,"minecraft:oak_planks":8,"minecraft:ender_pearl":15,"minecraft:wooden_pickaxe":16,"minecraft:composter":1,"minecraft:diamond_axe":5782,"minecraft:sugar_cane":49,"minecraft:purpur_pillar":2,"minecraft:jungle_boat":4,"minecraft:golden_apple":1,"minecraft:white_wool":2,"minecraft:glow_berries":1,"minecraft:yellow_terracotta":1,"minecraft:loom":1,"minecraft:blast_furnace":2,"minecraft:crossbow":4,"minecraft:end_stone":247,"minecraft:acacia_door":12,"minecraft:bread":3,"minecraft:lectern":341,"minecraft:gravel":20,"minecraft:grindstone":2,"minecraft:smithing_table":6,"minecraft:oak_boat":1,"minecraft:bone_meal":258,"minecraft:oak_fence":6,"minecraft:enchanting_table":3,"minecraft:flint_and_steel":37,"minecraft:spruce_planks":91,"minecraft:cooked_chicken":4,"minecraft:netherrack":648,"minecraft:dragon_egg":1,"minecraft:orange_bed":14,"minecraft:torch":360,"minecraft:brewing_stand":2,"minecraft:dirt":668,"minecraft:anvil":2,"minecraft:white_carpet":13,"minecraft:hopper":18,"minecraft:diamond_helmet":1,"minecraft:cobblestone_wall":76,"minecraft:granite":13,"minecraft:iron_hoe":31,"minecraft:wooden_axe":6,"minecraft:bookshelf":16,"minecraft:iron_axe":513,"minecraft:acacia_slab":22,"minecraft:iron_boots":1,"minecraft:bamboo":26,"minecraft:beef":1,"minecraft:minecart":15,"minecraft:cooked_beef":73,"minecraft:acacia_planks":645,"minecraft:cobbled_deepslate":10,"minecraft:iron_leggings":1,"minecraft:wheat_seeds":5,"minecraft:cooked_mutton":87,"minecraft:water_bucket":231,"minecraft:cartography_table":1,"minecraft:fletching_table":9,"minecraft:cobblestone_slab":221,"minecraft:rail":259,"minecraft:terracotta":2,"minecraft:oak_slab":2,"minecraft:crafting_table":15,"minecraft:red_bed":1,"minecraft:white_bed":59,"minecraft:spruce_log":14,"minecraft:oak_log":2,"minecraft:flower_pot":2,"minecraft:acacia_stairs":5,"minecraft:diamond_pickaxe":2768,"minecraft:diamond_shovel":1362,"minecraft:acacia_sign":19,"minecraft:iron_pickaxe":699,"minecraft:spruce_sapling":159,"minecraft:stone_axe":71,"minecraft:pink_bed":6,"minecraft:cobblestone":418,"minecraft:porkchop":8,"minecraft:cooked_porkchop":44,"minecraft:bucket":236},"minecraft:custom":{"minecraft:animals_bred":78,"minecraft:interact_with_crafting_table":130,"minecraft:leave_game":11,"minecraft:time_since_death":240849,"minecraft:sprint_one_cm":3412768,"minecraft:drop":140,"minecraft:talked_to_villager":1077,"minecraft:play_time":930213,"minecraft:deaths":3,"minecraft:jump":23196,"minecraft:interact_with_brewingstand":1,"minecraft:walk_on_water_one_cm":85605,"minecraft:enchant_item":3,"minecraft:interact_with_furnace":283,"minecraft:traded_with_villager":1112,"minecraft:sleep_in_bed":35,"minecraft:damage_dealt":86074,"minecraft:crouch_one_cm":351131,"minecraft:interact_with_smithing_table":2,"minecraft:mob_kills":410,"minecraft:interact_with_anvil":12,"minecraft:inspect_hopper":1,"minecraft:climb_one_cm":25763,"minecraft:walk_one_cm":1114803,"minecraft:sneak_time":106303,"minecraft:walk_under_water_one_cm":21658,"minecraft:boat_one_cm":355544,"minecraft:interact_with_blast_furnace":1,"minecraft:total_world_time":930213,"minecraft:pot_flower":2,"minecraft:interact_with_grindstone":6,"minecraft:time_since_rest":22405,"minecraft:damage_absorbed":38,"minecraft:damage_taken":9508,"minecraft:swim_one_cm":180213,"minecraft:fly_one_cm":6150677,"minecraft:open_chest":1020,"minecraft:fall_one_cm":629711},"minecraft:dropped":{"minecraft:diamond_axe":2,"minecraft:cooked_porkchop":4,"minecraft:leather":14,"minecraft:flint":2,"minecraft:dirt":81,"minecraft:melon":9,"minecraft:mutton":5,"minecraft:bone_meal":2,"minecraft:gravel":1,"minecraft:stone_axe":1,"minecraft:sugar_cane":3,"minecraft:rotten_flesh":8,"minecraft:eye_armor_trim_smithing_template":1,"minecraft:poppy":4,"minecraft:melon_seeds":2,"minecraft:bread":130,"minecraft:wheat_seeds":56,"minecraft:feather":3,"minecraft:cobblestone":2,"minecraft:iron_helmet":28,"minecraft:diorite":1,"minecraft:wooden_axe":1,"minecraft:melon_slice":18,"minecraft:fire_charge":2,"minecraft:iron_leggings":7,"minecraft:string":2,"minecraft:dandelion":1,"minecraft:smooth_basalt":1,"minecraft:stone_shovel":12,"minecraft:iron_boots":1,"minecraft:filled_map":1,"minecraft:diamond_pickaxe":1,"minecraft:andesite":1,"minecraft:iron_chestplate":1,"minecraft:spider_eye":1,"minecraft:bow":1,"minecraft:stone_pickaxe":33,"minecraft:wooden_pickaxe":1,"minecraft:calcite":2},"minecraft:mined":{"minecraft:spruce_planks":91,"minecraft:white_bed":28,"minecraft:attached_melon_stem":10,"minecraft:farmland":4,"minecraft:pink_bed":5,"minecraft:jungle_leaves":10,"minecraft:brewing_stand":7,"minecraft:obsidian":49,"minecraft:granite":19,"minecraft:acacia_log":354,"minecraft:grass_block":770,"minecraft:jungle_log":99,"minecraft:purpur_slab":1,"minecraft:hopper":9,"minecraft:composter":3,"minecraft:cobbled_deepslate":3,"minecraft:iron_ore":281,"minecraft:fire":61,"minecraft:fletching_table":6,"minecraft:deepslate_lapis_ore":12,"minecraft:enchanting_table":1,"minecraft:potted_dandelion":1,"minecraft:dirt_path":20,"minecraft:iron_bars":1,"minecraft:end_stone_bricks":3,"minecraft:spruce_slab":12,"minecraft:orange_bed":16,"minecraft:deepslate_redstone_ore":10,"minecraft:blackstone":105,"minecraft:kelp_plant":1,"minecraft:melon_stem":53,"minecraft:crimson_nylium":6,"minecraft:orange_terracotta":8,"minecraft:purpur_stairs":1,"minecraft:torch":4,"minecraft:blast_furnace":1,"minecraft:calcite":2,"minecraft:poppy":6,"minecraft:melon":20,"minecraft:chest":13,"minecraft:dead_bush":4,"minecraft:glass":8,"minecraft:nether_quartz_ore":52,"minecraft:cobblestone":127,"minecraft:oak_planks":35,"minecraft:sugar_cane":346,"minecraft:grindstone":1,"minecraft:wall_torch":7,"minecraft:amethyst_block":7,"minecraft:birch_log":156,"minecraft:wheat":284,"minecraft:purpur_block":2,"minecraft:potted_poppy":1,"minecraft:yellow_stained_glass_pane":4,"minecraft:oak_log":518,"minecraft:acacia_fence":1,"minecraft:sand":629,"minecraft:dirt":453,"minecraft:smooth_basalt":4,"minecraft:netherrack":859,"minecraft:oak_leaves":102,"minecraft:deepslate":38,"minecraft:yellow_terracotta":11,"minecraft:red_carpet":1,"minecraft:tuff":3,"minecraft:deepslate_diamond_ore":16,"minecraft:end_stone":262,"minecraft:dark_oak_fence":6,"minecraft:crimson_roots":1,"minecraft:kelp":1,"minecraft:moss_block":64,"minecraft:red_mushroom":11,"minecraft:spruce_leaves":51,"minecraft:acacia_slab":20,"minecraft:cartography_table":4,"minecraft:sandstone":1,"minecraft:hay_block":30,"minecraft:redstone_ore":9,"minecraft:spruce_sapling":4,"minecraft:furnace":14,"minecraft:acacia_trapdoor":2,"minecraft:acacia_wood":268,"minecraft:acacia_stairs":43,"minecraft:orange_stained_glass_pane":4,"minecraft:andesite":6,"minecraft:gold_block":4,"minecraft:bell":1,"minecraft:nether_brick_fence":5,"minecraft:polished_deepslate":35,"minecraft:bookshelf":1,"minecraft:cobblestone_slab":26,"minecraft:rail":230,"minecraft:vine":6,"minecraft:deepslate_iron_ore":119,"minecraft:stripped_acacia_log":1,"minecraft:chorus_plant":1,"minecraft:bamboo":10,"minecraft:stone":735,"minecraft:white_wool":2,"minecraft:smithing_table":2,"minecraft:oak_slab":2,"minecraft:acacia_leaves":17,"minecraft:scaffolding":32,"minecraft:glass_pane":8,"minecraft:snow_block":36,"minecraft:basalt":1,"minecraft:dandelion":4,"minecraft:oak_fence":3,"minecraft:crafting_table":10,"minecraft:short_grass":372,"minecraft:lectern":330,"minecraft:purpur_pillar":5,"minecraft:tall_grass":26,"minecraft:deepslate_coal_ore":2,"minecraft:deepslate_gold_ore":47,"minecraft:lapis_ore":17,"minecraft:diorite":24,"minecraft:red_terracotta":9,"minecraft:cobblestone_wall":8,"minecraft:gray_bed":1,"minecraft:white_carpet":3,"minecraft:spruce_log":2827,"minecraft:birch_leaves":1,"minecraft:coal_ore":232,"minecraft:gravel":32,"minecraft:acacia_door":8,"minecraft:terracotta":2,"minecraft:acacia_planks":451,"minecraft:stripped_acacia_wood":2,"minecraft:polished_blackstone":21,"minecraft:gold_ore":28,"minecraft:acacia_wall_sign":8,"minecraft:fern":4},"minecraft:crafted":{"minecraft:grindstone":1,"minecraft:smooth_stone":5,"minecraft:oak_planks":2064,"minecraft:cobblestone_slab":246,"minecraft:melon":9,"minecraft:pink_bed":1,"minecraft:cooked_chicken":17,"minecraft:loom":1,"minecraft:stone":8,"minecraft:diamond_shovel":1,"minecraft:bookshelf":45,"minecraft:nether_brick":20,"minecraft:cooked_mutton":56,"minecraft:glass":283,"minecraft:hopper":9,"minecraft:diamond_helmet":1,"minecraft:diamond_leggings":1,"minecraft:bow":2,"minecraft:iron_boots":1,"minecraft:polished_blackstone":120,"minecraft:chest":31,"minecraft:rail":64,"minecraft:oak_fence":3,"minecraft:name_tag":1,"minecraft:gray_bed":4,"minecraft:furnace_minecart":1,"minecraft:oak_slab":6,"minecraft:arrow":128,"minecraft:emerald":955,"minecraft:cooked_porkchop":97,"minecraft:diamond_axe":1,"minecraft:crafting_table":6,"minecraft:spruce_planks":10956,"minecraft:jungle_boat":1,"minecraft:acacia_slab":36,"minecraft:wooden_pickaxe":1,"minecraft:smithing_table":4,"minecraft:nether_brick_fence":6,"minecraft:fletching_table":3,"minecraft:hay_block":16,"minecraft:birch_planks":624,"minecraft:lectern":13,"minecraft:iron_chestplate":1,"minecraft:book":34,"minecraft:paper":309,"minecraft:diamond_pickaxe":1,"minecraft:stick":30894,"minecraft:stone_slab":6,"minecraft:compass":4,"minecraft:iron_ingot":339,"minecraft:iron_pickaxe":3,"minecraft:iron_block":6,"minecraft:snow_block":36,"minecraft:gold_ingot":41,"minecraft:shears":2,"minecraft:stone_shovel":22,"minecraft:diamond_hoe":2,"minecraft:furnace":11,"minecraft:blast_furnace":1,"minecraft:bone_meal":270,"minecraft:pink_dye":2,"minecraft:white_carpet":6,"minecraft:scaffolding":60,"minecraft:lantern":12,"minecraft:polished_deepslate":240,"minecraft:iron_axe":3,"minecraft:iron_hoe":1,"minecraft:blue_banner":7,"minecraft:spruce_slab":60,"minecraft:stone_pickaxe":35,"minecraft:cobblestone_wall":78,"minecraft:diamond_boots":1,"minecraft:spruce_boat":1,"minecraft:minecart":4,"minecraft:wheat":504,"minecraft:cooked_beef":64,"minecraft:red_dye":2,"minecraft:enchanting_table":2,"minecraft:acacia_trapdoor":2,"minecraft:red_bed":1,"minecraft:nether_bricks":4,"minecraft:bucket":1,"minecraft:stone_axe":1,"minecraft:enchanted_book":18,"minecraft:bread":111,"minecraft:air":0,"minecraft:jungle_planks":396,"minecraft:oak_boat":1,"minecraft:white_wool":20,"minecraft:acacia_sign":9,"minecraft:white_dye":13,"minecraft:wooden_axe":1,"minecraft:iron_shovel":6,"minecraft:iron_leggings":1,"minecraft:anvil":2,"minecraft:white_bed":27,"minecraft:acacia_planks":2500,"minecraft:torch":332,"minecraft:diamond_chestplate":1},"minecraft:picked_up":{"minecraft:shulker_shell":2,"minecraft:wheat":269,"minecraft:flower_pot":2,"minecraft:nether_brick_fence":5,"minecraft:smithing_table":2,"minecraft:enchanted_book":7,"minecraft:brewing_stand":7,"minecraft:amethyst_block":7,"minecraft:polished_deepslate":35,"minecraft:string":14,"minecraft:diamond_leggings":3,"minecraft:cobbled_deepslate":44,"minecraft:spruce_planks":103,"minecraft:eye_armor_trim_smithing_template":1,"minecraft:acacia_sign":9,"minecraft:cobblestone_slab":27,"minecraft:calcite":2,"minecraft:melon_slice":123,"minecraft:furnace":14,"minecraft:stick":261,"minecraft:acacia_fence":1,"minecraft:composter":3,"minecraft:oak_fence":3,"minecraft:purpur_pillar":5,"minecraft:torch":55,"minecraft:acacia_log":353,"minecraft:porkchop":105,"minecraft:diorite":22,"minecraft:orange_bed":16,"minecraft:rotten_flesh":81,"minecraft:obsidian":53,"minecraft:iron_bars":1,"minecraft:snowball":144,"minecraft:cobblestone":893,"minecraft:furnace_minecart":1,"minecraft:birch_log":156,"minecraft:enchanting_table":1,"minecraft:feather":15,"minecraft:cooked_beef":17,"minecraft:jungle_log":99,"minecraft:water_bucket":2,"minecraft:andesite":8,"minecraft:brown_wool":2,"minecraft:golden_leggings":1,"minecraft:flint":6,"minecraft:tuff":7,"minecraft:lapis_lazuli":186,"minecraft:dirt":1256,"minecraft:bone":60,"minecraft:acacia_planks":459,"minecraft:bow":6,"minecraft:wheat_seeds":858,"minecraft:raw_gold":75,"minecraft:bell":1,"minecraft:grindstone":1,"minecraft:fletching_table":6,"minecraft:diamond_helmet":3,"minecraft:bamboo":92,"minecraft:moss_block":64,"minecraft:oak_planks":76,"minecraft:cooked_porkchop":22,"minecraft:sand":614,"minecraft:stripped_acacia_wood":2,"minecraft:jungle_planks":4,"minecraft:melon":9,"minecraft:grass_block":1,"minecraft:acacia_stairs":43,"minecraft:red_terracotta":9,"minecraft:stripped_acacia_log":1,"minecraft:diamond":16,"minecraft:spruce_boat":1,"minecraft:granite":19,"minecraft:bone_meal":2,"minecraft:golden_apple":5,"minecraft:blue_banner":7,"minecraft:emerald":15,"minecraft:bread":16,"minecraft:oak_sapling":87,"minecraft:chorus_fruit":11,"minecraft:netherrack":854,"minecraft:crimson_roots":1,"minecraft:diamond_pickaxe":5,"minecraft:end_stone_bricks":3,"minecraft:crafting_table":10,"minecraft:chicken":17,"minecraft:gold_block":4,"minecraft:purpur_block":2,"minecraft:elytra":1,"minecraft:acacia_door":14,"minecraft:flint_and_steel":3,"minecraft:white_carpet":7,"minecraft:iron_shovel":1,"minecraft:blackstone":102,"minecraft:cartography_table":4,"minecraft:minecart":15,"minecraft:beef":83,"minecraft:lectern":331,"minecraft:oak_boat":1,"minecraft:jungle_sapling":2,"minecraft:poppy":39,"minecraft:light_gray_wool":11,"minecraft:spruce_slab":24,"minecraft:chest":14,"minecraft:sugar_cane":442,"minecraft:birch_sapling":17,"minecraft:diamond_hoe":2,"minecraft:egg":2,"minecraft:raw_iron":396,"minecraft:end_stone":259,"minecraft:redstone":86,"minecraft:arrow":119,"minecraft:diamond_chestplate":2,"minecraft:shears":1,"minecraft:diamond_boots":2,"minecraft:purpur_slab":1,"minecraft:hay_block":30,"minecraft:yellow_terracotta":11,"minecraft:gold_ingot":41,"minecraft:polished_blackstone":21,"minecraft:glow_berries":1,"minecraft:mutton":102,"minecraft:rail":244,"minecraft:white_wool":387,"minecraft:jungle_boat":3,"minecraft:basalt":1,"minecraft:glow_ink_sac":3,"minecraft:leather":39,"minecraft:red_mushroom":11,"minecraft:acacia_wood":268,"minecraft:purpur_stairs":1,"minecraft:oak_log":518,"minecraft:gunpowder":27,"minecraft:cobblestone_wall":8,"minecraft:orange_terracotta":8,"minecraft:cooked_mutton":28,"minecraft:red_carpet":6,"minecraft:apple":17,"minecraft:kelp":10,"minecraft:acacia_trapdoor":2,"minecraft:iron_ingot":136,"minecraft:stone_pickaxe":1,"minecraft:gray_bed":1,"minecraft:acacia_sapling":9,"minecraft:book":7,"minecraft:scaffolding":36,"minecraft:pink_bed":5,"minecraft:smooth_basalt":1,"minecraft:quartz":52,"minecraft:dandelion":5,"minecraft:gravel":33,"minecraft:spruce_sapling":333,"minecraft:blast_furnace":1,"minecraft:white_bed":34,"minecraft:spruce_log":2817,"minecraft:crying_obsidian":3,"minecraft:dragon_egg":1,"minecraft:spider_eye":3,"minecraft:diamond_axe":5,"minecraft:gray_wool":9,"minecraft:terracotta":2,"minecraft:black_wool":4,"minecraft:brown_banner":25,"minecraft:acacia_slab":24,"minecraft:melon_seeds":99,"minecraft:coal":248,"minecraft:hopper":9,"minecraft:ender_pearl":16},"minecraft:killed_by":{"minecraft:creeper":1,"minecraft:skeleton":1},"minecraft:broken":{"minecraft:golden_helmet":1,"minecraft:iron_shovel":1,"minecraft:diamond_pickaxe":1,"minecraft:diamond_axe":1,"minecraft:iron_axe":2,"minecraft:iron_pickaxe":2}},"DataVersion":3700}