{"stats":{"minecraft:killed_by":{"minecraft:creeper":1,"minecraft:skeleton":1},"minecraft:mined":{"minecraft:white_bed":26,"minecraft:attached_melon_stem":10,"minecraft:farmland":4,"minecraft:pink_bed":1,"minecraft:jungle_leaves":10,"minecraft:brewing_stand":6,"minecraft:obsidian":32,"minecraft:granite":19,"minecraft:acacia_log":333,"minecraft:grass_block":397,"minecraft:jungle_log":99,"minecraft:composter":3,"minecraft:cobbled_deepslate":3,"minecraft:iron_ore":281,"minecraft:fire":18,"minecraft:fletching_table":6,"minecraft:deepslate_lapis_ore":12,"minecraft:enchanting_table":1,"minecraft:dirt_path":14,"minecraft:spruce_slab":8,"minecraft:orange_bed":16,"minecraft:deepslate_redstone_ore":10,"minecraft:kelp_plant":1,"minecraft:melon_stem":53,"minecraft:orange_terracotta":8,"minecraft:torch":3,"minecraft:blast_furnace":1,"minecraft:calcite":2,"minecraft:poppy":6,"minecraft:melon":20,"minecraft:chest":6,"minecraft:dead_bush":4,"minecraft:nether_quartz_ore":1,"minecraft:cobblestone":14,"minecraft:oak_planks":35,"minecraft:sugar_cane":262,"minecraft:grindstone":1,"minecraft:wall_torch":4,"minecraft:amethyst_block":7,"minecraft:birch_log":156,"minecraft:wheat":284,"minecraft:yellow_stained_glass_pane":4,"minecraft:oak_log":518,"minecraft:acacia_fence":1,"minecraft:dirt":93,"minecraft:smooth_basalt":4,"minecraft:netherrack":754,"minecraft:oak_leaves":102,"minecraft:deepslate":38,"minecraft:yellow_terracotta":10,"minecraft:red_carpet":1,"minecraft:tuff":3,"minecraft:deepslate_diamond_ore":16,"minecraft:dark_oak_fence":6,"minecraft:kelp":1,"minecraft:moss_block":64,"minecraft:red_mushroom":11,"minecraft:spruce_leaves":22,"minecraft:acacia_slab":20,"minecraft:cartography_table":4,"minecraft:sandstone":1,"minecraft:hay_block":30,"minecraft:redstone_ore":9,"minecraft:furnace":14,"minecraft:acacia_trapdoor":2,"minecraft:acacia_wood":268,"minecraft:acacia_stairs":42,"minecraft:orange_stained_glass_pane":4,"minecraft:andesite":5,"minecraft:gold_block":4,"minecraft:bell":1,"minecraft:nether_brick_fence":5,"minecraft:polished_deepslate":31,"minecraft:bookshelf":1,"minecraft:vine":6,"minecraft:deepslate_iron_ore":119,"minecraft:stripped_acacia_log":1,"minecraft:bamboo":1,"minecraft:stone":501,"minecraft:smithing_table":2,"minecraft:oak_slab":2,"minecraft:acacia_leaves":12,"minecraft:glass_pane":8,"minecraft:snow_block":36,"minecraft:dandelion":4,"minecraft:oak_fence":3,"minecraft:crafting_table":9,"minecraft:short_grass":318,"minecraft:lectern":244,"minecraft:tall_grass":12,"minecraft:deepslate_coal_ore":2,"minecraft:deepslate_gold_ore":47,"minecraft:lapis_ore":17,"minecraft:diorite":24,"minecraft:red_terracotta":9,"minecraft:cobblestone_wall":8,"minecraft:white_carpet":3,"minecraft:spruce_log":983,"minecraft:birch_leaves":1,"minecraft:coal_ore":232,"minecraft:gravel":32,"minecraft:acacia_door":8,"minecraft:terracotta":2,"minecraft:acacia_planks":445,"minecraft:stripped_acacia_wood":2,"minecraft:polished_blackstone":7,"minecraft:gold_ore":28,"minecraft:fern":4},"minecraft:crafted":{"minecraft:grindstone":1,"minecraft:smooth_stone":5,"minecraft:oak_planks":2064,"minecraft:cobblestone_slab":24,"minecraft:melon":9,"minecraft:pink_bed":1,"minecraft:cooked_chicken":17,"minecraft:loom":1,"minecraft:stone":8,"minecraft:bookshelf":45,"minecraft:nether_brick":20,"minecraft:cooked_mutton":29,"minecraft:diamond_helmet":1,"minecraft:diamond_leggings":1,"minecraft:bow":2,"minecraft:iron_boots":1,"minecraft:polished_blackstone":56,"minecraft:chest":12,"minecraft:oak_fence":3,"minecraft:gray_bed":4,"minecraft:oak_slab":6,"minecraft:arrow":128,"minecraft:emerald":580,"minecraft:cooked_porkchop":77,"minecraft:diamond_axe":1,"minecraft:crafting_table":5,"minecraft:spruce_planks":3224,"minecraft:jungle_boat":1,"minecraft:acacia_slab":36,"minecraft:wooden_pickaxe":1,"minecraft:smithing_table":4,"minecraft:nether_brick_fence":6,"minecraft:fletching_table":3,"minecraft:hay_block":16,"minecraft:birch_planks":624,"minecraft:lectern":10,"minecraft:iron_chestplate":1,"minecraft:book":34,"minecraft:paper":261,"minecraft:diamond_pickaxe":1,"minecraft:stick":15814,"minecraft:stone_slab":6,"minecraft:iron_ingot":310,"minecraft:iron_pickaxe":3,"minecraft:iron_block":3,"minecraft:snow_block":36,"minecraft:gold_ingot":41,"minecraft:shears":2,"minecraft:stone_shovel":22,"minecraft:diamond_hoe":2,"minecraft:furnace":10,"minecraft:blast_furnace":1,"minecraft:bone_meal":216,"minecraft:pink_dye":2,"minecraft:white_carpet":6,"minecraft:polished_deepslate":240,"minecraft:iron_axe":3,"minecraft:iron_hoe":1,"minecraft:blue_banner":7,"minecraft:spruce_slab":18,"minecraft:stone_pickaxe":35,"minecraft:cobblestone_wall":78,"minecraft:diamond_boots":1,"minecraft:wheat":504,"minecraft:cooked_beef":64,"minecraft:red_dye":2,"minecraft:enchanting_table":2,"minecraft:acacia_trapdoor":2,"minecraft:red_bed":1,"minecraft:nether_bricks":4,"minecraft:bucket":1,"minecraft:stone_axe":1,"minecraft:enchanted_book":8,"minecraft:bread":111,"minecraft:air":0,"minecraft:jungle_planks":396,"minecraft:oak_boat":1,"minecraft:white_wool":20,"minecraft:white_dye":13,"minecraft:wooden_axe":1,"minecraft:iron_shovel":6,"minecraft:iron_leggings":1,"minecraft:anvil":1,"minecraft:white_bed":24,"minecraft:acacia_planks":2416,"minecraft:torch":332,"minecraft:diamond_chestplate":1},"minecraft:killed":{"minecraft:spider":15,"minecraft:skeleton":50,"minecraft:chicken":17,"minecraft:pig":47,"minecraft:zombie_villager":1,"minecraft:iron_golem":19,"minecraft:creeper":25,"minecraft:sheep":50,"minecraft:zombie":53,"minecraft:glow_squid":1,"minecraft:cow":44,"minecraft:enderman":2},"minecraft:used":{"minecraft:nether_brick_fence":8,"minecraft:polished_deepslate":184,"minecraft:iron_shovel":480,"minecraft:spruce_slab":8,"minecraft:polished_blackstone":63,"minecraft:poppy":2,"minecraft:diamond_hoe":62,"minecraft:chest":18,"minecraft:iron_chestplate":1,"minecraft:mutton":3,"minecraft:jungle_planks":15,"minecraft:tuff":4,"minecraft:obsidian":34,"minecraft:lava_bucket":1,"minecraft:blue_banner":14,"minecraft:red_carpet":3,"minecraft:bow":8,"minecraft:furnace":26,"minecraft:gray_bed":4,"minecraft:diamond_boots":1,"minecraft:acacia_trapdoor":2,"minecraft:stone_pickaxe":97,"minecraft:oak_planks":8,"minecraft:wooden_pickaxe":16,"minecraft:composter":1,"minecraft:diamond_axe":3422,"minecraft:sugar_cane":49,"minecraft:jungle_boat":4,"minecraft:glow_berries":1,"minecraft:loom":1,"minecraft:blast_furnace":2,"minecraft:crossbow":4,"minecraft:acacia_door":12,"minecraft:bread":3,"minecraft:lectern":253,"minecraft:gravel":20,"minecraft:grindstone":2,"minecraft:smithing_table":6,"minecraft:oak_boat":1,"minecraft:bone_meal":65,"minecraft:oak_fence":6,"minecraft:enchanting_table":3,"minecraft:flint_and_steel":12,"minecraft:cooked_chicken":4,"minecraft:netherrack":566,"minecraft:orange_bed":14,"minecraft:torch":355,"minecraft:brewing_stand":2,"minecraft:dirt":132,"minecraft:anvil":1,"minecraft:white_carpet":13,"minecraft:diamond_helmet":1,"minecraft:cobblestone_wall":76,"minecraft:granite":13,"minecraft:iron_hoe":31,"minecraft:wooden_axe":6,"minecraft:bookshelf":16,"minecraft:iron_axe":513,"minecraft:acacia_slab":22,"minecraft:iron_boots":1,"minecraft:bamboo":8,"minecraft:beef":1,"minecraft:cooked_beef":67,"minecraft:acacia_planks":640,"minecraft:cobbled_deepslate":10,"minecraft:iron_leggings":1,"minecraft:wheat_seeds":5,"minecraft:cooked_mutton":37,"minecraft:water_bucket":145,"minecraft:cartography_table":1,"minecraft:fletching_table":9,"minecraft:cobblestone_slab":17,"minecraft:terracotta":2,"minecraft:oak_slab":2,"minecraft:crafting_table":13,"minecraft:red_bed":1,"minecraft:white_bed":48,"minecraft:spruce_log":2,"minecraft:oak_log":2,"minecraft:acacia_stairs":5,"minecraft:diamond_pickaxe":1563,"minecraft:iron_pickaxe":699,"minecraft:spruce_sapling":55,"minecraft:stone_axe":71,"minecraft:pink_bed":2,"minecraft:cobblestone":221,"minecraft:porkchop":8,"minecraft:cooked_porkchop":24,"minecraft:bucket":147},"minecraft:picked_up":{"minecraft:wheat":269,"minecraft:nether_brick_fence":5,"minecraft:smithing_table":2,"minecraft:enchanted_book":7,"minecraft:brewing_stand":6,"minecraft:amethyst_block":7,"minecraft:polished_deepslate":31,"minecraft:string":12,"minecraft:diamond_leggings":2,"minecraft:cobbled_deepslate":44,"minecraft:spruce_planks":12,"minecraft:eye_armor_trim_smithing_template":1,"minecraft:calcite":2,"minecraft:melon_slice":123,"minecraft:furnace":14,"minecraft:stick":119,"minecraft:acacia_fence":1,"minecraft:composter":3,"minecraft:oak_fence":3,"minecraft:torch":50,"minecraft:acacia_log":332,"minecraft:porkchop":99,"minecraft:diorite":22,"minecraft:orange_bed":16,"minecraft:rotten_flesh":63,"minecraft:obsidian":36,"minecraft:snowball":144,"minecraft:cobblestone":505,"minecraft:birch_log":156,"minecraft:enchanting_table":1,"minecraft:feather":15,"minecraft:cooked_beef":17,"minecraft:jungle_log":99,"minecraft:water_bucket":2,"minecraft:andesite":7,"minecraft:brown_wool":2,"minecraft:flint":6,"minecraft:tuff":7,"minecraft:lapis_lazuli":186,"minecraft:dirt":522,"minecraft:bone":51,"minecraft:acacia_planks":454,"minecraft:bow":5,"minecraft:wheat_seeds":817,"minecraft:raw_gold":75,"minecraft:bell":1,"minecraft:grindstone":1,"minecraft:fletching_table":6,"minecraft:diamond_helmet":2,"minecraft:bamboo":21,"minecraft:moss_block":64,"minecraft:oak_planks":76,"minecraft:cooked_porkchop":4,"minecraft:stripped_acacia_wood":2,"minecraft:jungle_planks":4,"minecraft:melon":9,"minecraft:grass_block":1,"minecraft:acacia_stairs":42,"minecraft:red_terracotta":9,"minecraft:stripped_acacia_log":1,"minecraft:diamond":16,"minecraft:granite":19,"minecraft:bone_meal":2,"minecraft:blue_banner":7,"minecraft:emerald":2,"minecraft:bread":16,"minecraft:oak_sapling":87,"minecraft:netherrack":744,"minecraft:diamond_pickaxe":3,"minecraft:crafting_table":9,"minecraft:chicken":17,"minecraft:gold_block":4,"minecraft:acacia_door":14,"minecraft:flint_and_steel":3,"minecraft:white_carpet":7,"minecraft:iron_shovel":1,"minecraft:cartography_table":4,"minecraft:beef":83,"minecraft:lectern":244,"minecraft:oak_boat":1,"minecraft:jungle_sapling":2,"minecraft:poppy":22,"minecraft:light_gray_wool":11,"minecraft:spruce_slab":20,"minecraft:chest":6,"minecraft:sugar_cane":344,"minecraft:birch_sapling":17,"minecraft:diamond_hoe":1,"minecraft:egg":2,"minecraft:raw_iron":396,"minecraft:redstone":86,"minecraft:arrow":113,"minecraft:diamond_chestplate":1,"minecraft:shears":1,"minecraft:diamond_boots":1,"minecraft:hay_block":30,"minecraft:yellow_terracotta":10,"minecraft:gold_ingot":41,"minecraft:polished_blackstone":7,"minecraft:glow_berries":1,"minecraft:mutton":89,"minecraft:white_wool":378,"minecraft:jungle_boat":3,"minecraft:glow_ink_sac":3,"minecraft:leather":39,"minecraft:red_mushroom":11,"minecraft:acacia_wood":268,"minecraft:oak_log":518,"minecraft:gunpowder":25,"minecraft:cobblestone_wall":8,"minecraft:orange_terracotta":8,"minecraft:cooked_mutton":10,"minecraft:red_carpet":6,"minecraft:apple":17,"minecraft:kelp":10,"minecraft:acacia_trapdoor":2,"minecraft:iron_ingot":93,"minecraft:stone_pickaxe":1,"minecraft:acacia_sapling":1,"minecraft:book":7,"minecraft:pink_bed":1,"minecraft:smooth_basalt":1,"minecraft:quartz":1,"minecraft:dandelion":3,"minecraft:gravel":33,"minecraft:spruce_sapling":68,"minecraft:blast_furnace":1,"minecraft:white_bed":26,"minecraft:spruce_log":974,"minecraft:crying_obsidian":3,"minecraft:spider_eye":3,"minecraft:diamond_axe":2,"minecraft:gray_wool":9,"minecraft:terracotta":2,"minecraft:black_wool":4,"minecraft:brown_banner":25,"minecraft:acacia_slab":24,"minecraft:melon_seeds":99,"minecraft:coal":248,"minecraft:ender_pearl":1},"minecraft:dropped":{"minecraft:cooked_porkchop":4,"minecraft:leather":14,"minecraft:flint":2,"minecraft:dirt":8,"minecraft:melon":9,"minecraft:mutton":5,"minecraft:bone_meal":2,"minecraft:gravel":1,"minecraft:stone_axe":1,"minecraft:sugar_cane":3,"minecraft:rotten_flesh":8,"minecraft:eye_armor_trim_smithing_template":1,"minecraft:melon_seeds":2,"minecraft:bread":130,"minecraft:wheat_seeds":23,"minecraft:feather":3,"minecraft:cobblestone":2,"minecraft:iron_helmet":28,"minecraft:diorite":1,"minecraft:wooden_axe":1,"minecraft:melon_slice":18,"minecraft:fire_charge":2,"minecraft:iron_leggings":7,"minecraft:string":2,"minecraft:smooth_basalt":1,"minecraft:stone_shovel":12,"minecraft:iron_boots":1,"minecraft:filled_map":1,"minecraft:iron_chestplate":1,"minecraft:spider_eye":1,"minecraft:bow":1,"minecraft:stone_pickaxe":33,"minecraft:wooden_pickaxe":1,"minecraft:calcite":2},"minecraft:broken":{"minecraft:golden_helmet":1,"minecraft:iron_shovel":1,"minecraft:diamond_pickaxe":1,"minecraft:diamond_axe":1,"minecraft:iron_axe":2,"minecraft:iron_pickaxe":2},"minecraft:custom":{"minecraft:animals_bred":67,"minecraft:interact_with_crafting_table":97,"minecraft:leave_game":8,"minecraft:time_since_death":56863,"minecraft:sprint_one_cm":2352409,"minecraft:drop":130,"minecraft:talked_to_villager":793,"minecraft:play_time":642038,"minecraft:deaths":2,"minecraft:jump":15018,"minecraft:walk_on_water_one_cm":43272,"minecraft:enchant_item":3,"minecraft:interact_with_furnace":223,"minecraft:traded_with_villager":697,"minecraft:sleep_in_bed":24,"minecraft:damage_dealt":61717,"minecraft:crouch_one_cm":210138,"minecraft:interact_with_smithing_table":2,"minecraft:mob_kills":327,"minecraft:interact_with_anvil":2,"minecraft:climb_one_cm":4991,"minecraft:walk_one_cm":783386,"minecraft:sneak_time":63959,"minecraft:walk_under_water_one_cm":21058,"minecraft:boat_one_cm":348828,"minecraft:interact_with_blast_furnace":1,"minecraft:total_world_time":642038,"minecraft:interact_with_grindstone":3,"minecraft:time_since_rest":10742,"minecraft:damage_taken":6055,"minecraft:swim_one_cm":170242,"minecraft:fly_one_cm":3391882,"minecraft:open_chest":690,"minecraft:fall_one_cm":454728}},"DataVersion":3700}