{"stats":{"minecraft:killed":{"minecraft:spider":23,"minecraft:shulker":6,"minecraft:skeleton":83,"minecraft:chicken":17,"minecraft:magma_cube":4,"minecraft:piglin":1,"minecraft:pig":51,"minecraft:zombie_villager":1,"minecraft:iron_golem":33,"minecraft:ender_dragon":1,"minecraft:creeper":34,"minecraft:sheep":60,"minecraft:pillager":1,"minecraft:zombie":84,"minecraft:ghast":1,"minecraft:glow_squid":1,"minecraft:cow":44,"minecraft:enderman":18},"minecraft:mined":{"minecraft:white_bed":28,"minecraft:spruce_planks":91,"minecraft:attached_melon_stem":10,"minecraft:farmland":4,"minecraft:pink_bed":5,"minecraft:jungle_leaves":10,"minecraft:brewing_stand":7,"minecraft:obsidian":49,"minecraft:granite":30,"minecraft:acacia_log":354,"minecraft:grass_block":814,"minecraft:jungle_log":99,"minecraft:purpur_slab":1,"minecraft:composter":3,"minecraft:hopper":9,"minecraft:iron_ore":532,"minecraft:cobbled_deepslate":3,"minecraft:fire":61,"minecraft:deepslate_lapis_ore":19,"minecraft:fletching_table":6,"minecraft:enchanting_table":1,"minecraft:potted_dandelion":1,"minecraft:dirt_path":28,"minecraft:iron_bars":1,"minecraft:end_stone_bricks":3,"minecraft:spruce_slab":12,"minecraft:orange_bed":16,"minecraft:deepslate_redstone_ore":16,"minecraft:blackstone":105,"minecraft:kelp_plant":1,"minecraft:melon_stem":53,"minecraft:crimson_nylium":6,"minecraft:orange_terracotta":8,"minecraft:purpur_stairs":1,"minecraft:torch":4,"minecraft:blast_furnace":1,"minecraft:calcite":2,"minecraft:poppy":6,"minecraft:melon":20,"minecraft:chest":13,"minecraft:dead_bush":4,"minecraft:nether_quartz_ore":52,"minecraft:glass":8,"minecraft:cobblestone":146,"minecraft:grindstone":1,"minecraft:sugar_cane":435,"minecraft:oak_planks":35,"minecraft:wall_torch":9,"minecraft:amethyst_block":7,"minecraft:birch_log":156,"minecraft:wheat":284,"minecraft:purpur_block":2,"minecraft:potted_poppy":1,"minecraft:yellow_stained_glass_pane":4,"minecraft:oak_log":518,"minecraft:acacia_fence":1,"minecraft:sand":629,"minecraft:dirt":455,"minecraft:smooth_basalt":4,"minecraft:netherrack":859,"minecraft:oak_leaves":102,"minecraft:deepslate":65,"minecraft:yellow_terracotta":11,"minecraft:tuff":9,"minecraft:red_carpet":1,"minecraft:mossy_cobblestone":1,"minecraft:deepslate_diamond_ore":22,"minecraft:shulker_box":4,"minecraft:end_stone":262,"minecraft:dark_oak_fence":6,"minecraft:crimson_roots":1,"minecraft:red_mushroom":11,"minecraft:spruce_leaves":51,"minecraft:acacia_slab":20,"minecraft:kelp":1,"minecraft:moss_block":64,"minecraft:cartography_table":4,"minecraft:sandstone":1,"minecraft:hay_block":30,"minecraft:redstone_ore":16,"minecraft:spruce_sapling":4,"minecraft:furnace":14,"minecraft:acacia_trapdoor":2,"minecraft:acacia_wood":268,"minecraft:acacia_stairs":43,"minecraft:orange_stained_glass_pane":4,"minecraft:andesite":37,"minecraft:gold_block":4,"minecraft:bell":1,"minecraft:nether_brick_fence":8,"minecraft:polished_deepslate":35,"minecraft:bookshelf":1,"minecraft:rail":230,"minecraft:cobblestone_slab":26,"minecraft:deepslate_iron_ore":155,"minecraft:vine":6,"minecraft:stripped_acacia_log":1,"minecraft:chorus_plant":1,"minecraft:bamboo":29,"minecraft:stone":1243,"minecraft:white_wool":2,"minecraft:smithing_table":2,"minecraft:oak_slab":2,"minecraft:acacia_leaves":17,"minecraft:scaffolding":32,"minecraft:glass_pane":8,"minecraft:snow_block":36,"minecraft:basalt":1,"minecraft:dandelion":4,"minecraft:oak_fence":3,"minecraft:crafting_table":11,"minecraft:short_grass":426,"minecraft:lectern":330,"minecraft:copper_ore":8,"minecraft:purpur_pillar":5,"minecraft:tall_grass":33,"minecraft:deepslate_coal_ore":2,"minecraft:deepslate_gold_ore":54,"minecraft:lapis_ore":21,"minecraft:diorite":33,"minecraft:red_terracotta":9,"minecraft:cobblestone_wall":29,"minecraft:white_carpet":5,"minecraft:gray_bed":1,"minecraft:spruce_log":2827,"minecraft:birch_leaves":1,"minecraft:coal_ore":668,"minecraft:gravel":33,"minecraft:acacia_door":9,"minecraft:terracotta":2,"minecraft:acacia_planks":451,"minecraft:polished_blackstone":21,"minecraft:stripped_acacia_wood":2,"minecraft:gold_ore":30,"minecraft:acacia_wall_sign":8,"minecraft:fern":4},"minecraft:crafted":{"minecraft:grindstone":1,"minecraft:oak_planks":2064,"minecraft:smooth_stone":5,"minecraft:cobblestone_slab":246,"minecraft:pink_bed":1,"minecraft:melon":9,"minecraft:cooked_chicken":17,"minecraft:loom":1,"minecraft:stone":8,"minecraft:diamond_shovel":1,"minecraft:nether_brick":20,"minecraft:bookshelf":45,"minecraft:shulker_box":1,"minecraft:cooked_mutton":56,"minecraft:glass":320,"minecraft:hopper":9,"minecraft:diamond_helmet":2,"minecraft:diamond_leggings":1,"minecraft:bow":2,"minecraft:iron_boots":1,"minecraft:polished_blackstone":120,"minecraft:chest":31,"minecraft:rail":64,"minecraft:oak_fence":3,"minecraft:name_tag":1,"minecraft:gray_bed":4,"minecraft:furnace_minecart":1,"minecraft:oak_slab":6,"minecraft:arrow":128,"minecraft:emerald":1133,"minecraft:cooked_porkchop":97,"minecraft:diamond_axe":1,"minecraft:crafting_table":7,"minecraft:spruce_planks":11008,"minecraft:jungle_boat":1,"minecraft:acacia_slab":36,"minecraft:wooden_pickaxe":1,"minecraft:smithing_table":4,"minecraft:copper_ingot":52,"minecraft:nether_brick_fence":6,"minecraft:fletching_table":3,"minecraft:hay_block":16,"minecraft:birch_planks":624,"minecraft:lectern":13,"minecraft:paper":495,"minecraft:iron_chestplate":1,"minecraft:book":34,"minecraft:diamond_pickaxe":1,"minecraft:stick":30970,"minecraft:stone_slab":6,"minecraft:iron_ingot":952,"minecraft:compass":4,"minecraft:iron_pickaxe":3,"minecraft:iron_block":6,"minecraft:snow_block":36,"minecraft:gold_ingot":58,"minecraft:spruce_fence_gate":1,"minecraft:shears":2,"minecraft:stone_shovel":22,"minecraft:diamond_hoe":2,"minecraft:furnace":14,"minecraft:blast_furnace":1,"minecraft:bone_meal":270,"minecraft:white_carpet":6,"minecraft:pink_dye":2,"minecraft:scaffolding":144,"minecraft:lantern":12,"minecraft:polished_deepslate":240,"minecraft:iron_axe":3,"minecraft:spruce_slab":60,"minecraft:blue_banner":7,"minecraft:iron_hoe":1,"minecraft:stone_pickaxe":35,"minecraft:cobblestone_wall":78,"minecraft:diamond_boots":1,"minecraft:spruce_boat":1,"minecraft:minecart":4,"minecraft:wheat":504,"minecraft:cooked_beef":68,"minecraft:red_dye":2,"minecraft:diamond_sword":1,"minecraft:enchanting_table":2,"minecraft:acacia_trapdoor":2,"minecraft:red_bed":1,"minecraft:nether_bricks":4,"minecraft:bucket":1,"minecraft:stone_axe":1,"minecraft:enchanted_book":24,"minecraft:bread":111,"minecraft:air":0,"minecraft:jungle_planks":396,"minecraft:oak_boat":1,"minecraft:white_wool":20,"minecraft:acacia_sign":9,"minecraft:white_dye":13,"minecraft:wooden_axe":1,"minecraft:iron_shovel":6,"minecraft:iron_leggings":1,"minecraft:anvil":2,"minecraft:white_bed":31,"minecraft:acacia_planks":2500,"minecraft:torch":620,"minecraft:firework_rocket":72,"minecraft:diamond_chestplate":1},"minecraft:dropped":{"minecraft:diamond_axe":2,"minecraft:cooked_porkchop":4,"minecraft:leather":14,"minecraft:flint":2,"minecraft:dirt":81,"minecraft:melon":9,"minecraft:mutton":5,"minecraft:bone_meal":2,"minecraft:gravel":1,"minecraft:stone_axe":1,"minecraft:sugar_cane":3,"minecraft:rotten_flesh":11,"minecraft:eye_armor_trim_smithing_template":1,"minecraft:poppy":4,"minecraft:melon_seeds":2,"minecraft:golden_boots":1,"minecraft:bread":130,"minecraft:wheat_seeds":56,"minecraft:feather":3,"minecraft:cobblestone":2,"minecraft:iron_helmet":28,"minecraft:diorite":1,"minecraft:wooden_axe":1,"minecraft:melon_slice":18,"minecraft:fire_charge":2,"minecraft:iron_leggings":7,"minecraft:string":2,"minecraft:smooth_basalt":1,"minecraft:dandelion":1,"minecraft:stone_shovel":12,"minecraft:iron_boots":1,"minecraft:filled_map":1,"minecraft:diamond_pickaxe":1,"minecraft:andesite":1,"minecraft:iron_chestplate":1,"minecraft:golden_leggings":2,"minecraft:spider_eye":2,"minecraft:bow":2,"minecraft:stone_pickaxe":33,"minecraft:wooden_pickaxe":1,"minecraft:calcite":2},"minecraft:custom":{"minecraft:animals_bred":78,"minecraft:interact_with_crafting_table":140,"minecraft:open_shulker_box":7,"minecraft:leave_game":13,"minecraft:time_since_death":325889,"minecraft:sprint_one_cm":3793554,"minecraft:drop":146,"minecraft:talked_to_villager":1156,"minecraft:play_time":1015253,"minecraft:deaths":3,"minecraft:jump":25365,"minecraft:interact_with_brewingstand":1,"minecraft:walk_on_water_one_cm":98322,"minecraft:enchant_item":3,"minecraft:interact_with_furnace":340,"minecraft:traded_with_villager":1299,"minecraft:sleep_in_bed":37,"minecraft:damage_dealt":100271,"minecraft:crouch_one_cm":370777,"minecraft:interact_with_smithing_table":2,"minecraft:mob_kills":467,"minecraft:interact_with_anvil":15,"minecraft:inspect_hopper":1,"minecraft:climb_one_cm":25763,"minecraft:walk_one_cm":1223413,"minecraft:sneak_time":114043,"minecraft:walk_under_water_one_cm":24930,"minecraft:boat_one_cm":355544,"minecraft:interact_with_blast_furnace":1,"minecraft:total_world_time":1015253,"minecraft:pot_flower":2,"minecraft:interact_with_grindstone":6,"minecraft:time_since_rest":26288,"minecraft:damage_taken":10598,"minecraft:damage_absorbed":38,"minecraft:swim_one_cm":185303,"minecraft:fly_one_cm":6565838,"minecraft:open_chest":1227,"minecraft:aviate_one_cm":173546,"minecraft:fall_one_cm":703661},"minecraft:picked_up":{"minecraft:shulker_shell":2,"minecraft:wheat":269,"minecraft:nether_brick_fence":8,"minecraft:flower_pot":2,"minecraft:smithing_table":2,"minecraft:enchanted_book":7,"minecraft:brewing_stand":7,"minecraft:amethyst_block":7,"minecraft:polished_deepslate":35,"minecraft:string":22,"minecraft:raw_copper":52,"minecraft:diamond_leggings":3,"minecraft:cobbled_deepslate":74,"minecraft:spruce_planks":103,"minecraft:eye_armor_trim_smithing_template":1,"minecraft:acacia_sign":9,"minecraft:cobblestone_slab":27,"minecraft:calcite":2,"minecraft:melon_slice":123,"minecraft:furnace":14,"minecraft:stick":261,"minecraft:acacia_fence":1,"minecraft:composter":3,"minecraft:oak_fence":3,"minecraft:acacia_log":353,"minecraft:torch":62,"minecraft:purpur_pillar":5,"minecraft:porkchop":105,"minecraft:diorite":31,"minecraft:golden_chestplate":1,"minecraft:orange_bed":16,"minecraft:rotten_flesh":107,"minecraft:obsidian":53,"minecraft:iron_bars":1,"minecraft:snowball":144,"minecraft:cobblestone":1415,"minecraft:furnace_minecart":1,"minecraft:birch_log":156,"minecraft:enchanting_table":1,"minecraft:feather":15,"minecraft:cooked_beef":17,"minecraft:jungle_log":99,"minecraft:water_bucket":2,"minecraft:andesite":37,"minecraft:brown_wool":2,"minecraft:golden_leggings":3,"minecraft:flint":6,"minecraft:tuff":13,"minecraft:lapis_lazuli":421,"minecraft:dirt":1310,"minecraft:bone":83,"minecraft:acacia_planks":459,"minecraft:bow":7,"minecraft:wheat_seeds":865,"minecraft:raw_gold":92,"minecraft:bell":1,"minecraft:grindstone":1,"minecraft:diamond_helmet":3,"minecraft:fletching_table":6,"minecraft:bamboo":328,"minecraft:moss_block":64,"minecraft:oak_planks":76,"minecraft:cooked_porkchop":22,"minecraft:stripped_acacia_wood":2,"minecraft:sand":614,"minecraft:jungle_planks":4,"minecraft:melon":9,"minecraft:shulker_box":4,"minecraft:grass_block":1,"minecraft:acacia_stairs":43,"minecraft:red_terracotta":9,"minecraft:mossy_cobblestone":1,"minecraft:stripped_acacia_log":1,"minecraft:diamond":30,"minecraft:spruce_boat":1,"minecraft:granite":30,"minecraft:bone_meal":2,"minecraft:golden_apple":5,"minecraft:blue_banner":7,"minecraft:emerald":15,"minecraft:bread":16,"minecraft:oak_sapling":87,"minecraft:netherrack":854,"minecraft:chorus_fruit":11,"minecraft:crimson_roots":1,"minecraft:diamond_pickaxe":5,"minecraft:end_stone_bricks":3,"minecraft:crafting_table":11,"minecraft:chicken":17,"minecraft:gold_block":4,"minecraft:purpur_block":2,"minecraft:elytra":1,"minecraft:acacia_door":15,"minecraft:flint_and_steel":3,"minecraft:white_carpet":9,"minecraft:iron_shovel":1,"minecraft:blackstone":102,"minecraft:cartography_table":4,"minecraft:beef":83,"minecraft:minecart":15,"minecraft:oak_boat":1,"minecraft:light_gray_wool":11,"minecraft:spruce_slab":24,"minecraft:jungle_sapling":2,"minecraft:poppy":44,"minecraft:lectern":331,"minecraft:chest":14,"minecraft:sugar_cane":576,"minecraft:birch_sapling":17,"minecraft:diamond_hoe":2,"minecraft:egg":2,"minecraft:raw_iron":1006,"minecraft:end_stone":259,"minecraft:redstone":164,"minecraft:diamond_chestplate":2,"minecraft:arrow":152,"minecraft:shears":1,"minecraft:diamond_boots":2,"minecraft:purpur_slab":1,"minecraft:hay_block":30,"minecraft:yellow_terracotta":11,"minecraft:gold_ingot":41,"minecraft:polished_blackstone":21,"minecraft:glow_berries":1,"minecraft:mutton":102,"minecraft:rail":244,"minecraft:white_wool":387,"minecraft:jungle_boat":3,"minecraft:basalt":1,"minecraft:glow_ink_sac":3,"minecraft:leather":39,"minecraft:red_mushroom":11,"minecraft:acacia_wood":268,"minecraft:purpur_stairs":1,"minecraft:oak_log":518,"minecraft:golden_boots":2,"minecraft:cobblestone_wall":29,"minecraft:gunpowder":34,"minecraft:orange_terracotta":8,"minecraft:cooked_mutton":28,"minecraft:red_carpet":6,"minecraft:apple":17,"minecraft:kelp":10,"minecraft:acacia_trapdoor":2,"minecraft:iron_ingot":151,"minecraft:stone_pickaxe":1,"minecraft:gray_bed":1,"minecraft:acacia_sapling":9,"minecraft:book":7,"minecraft:scaffolding":36,"minecraft:pink_bed":5,"minecraft:smooth_basalt":1,"minecraft:quartz":52,"minecraft:dandelion":5,"minecraft:gravel":33,"minecraft:spruce_sapling":333,"minecraft:blast_furnace":1,"minecraft:white_bed":34,"minecraft:spruce_log":2817,"minecraft:crying_obsidian":3,"minecraft:dragon_egg":1,"minecraft:spider_eye":9,"minecraft:diamond_axe":5,"minecraft:gray_wool":9,"minecraft:terracotta":2,"minecraft:black_wool":4,"minecraft:brown_banner":25,"minecraft:acacia_slab":24,"minecraft:melon_seeds":99,"minecraft:coal":1161,"minecraft:hopper":9,"minecraft:ender_pearl":16},"minecraft:used":{"minecraft:nether_brick_fence":11,"minecraft:iron_shovel":480,"minecraft:polished_deepslate":187,"minecraft:elytra":5,"minecraft:spruce_slab":22,"minecraft:polished_blackstone":95,"minecraft:poppy":2,"minecraft:diamond_hoe":142,"minecraft:chest":35,"minecraft:iron_chestplate":1,"minecraft:mutton":3,"minecraft:jungle_planks":15,"minecraft:furnace_minecart":1,"minecraft:tuff":4,"minecraft:obsidian":46,"minecraft:spruce_boat":1,"minecraft:glass":177,"minecraft:lava_bucket":3,"minecraft:blue_banner":14,"minecraft:red_carpet":3,"minecraft:bow":8,"minecraft:scaffolding":38,"minecraft:furnace":29,"minecraft:gray_bed":5,"minecraft:diamond_boots":2,"minecraft:acacia_trapdoor":2,"minecraft:chorus_fruit":2,"minecraft:stone_pickaxe":97,"minecraft:oak_planks":8,"minecraft:ender_pearl":15,"minecraft:wooden_pickaxe":16,"minecraft:composter":1,"minecraft:diamond_axe":5891,"minecraft:sugar_cane":49,"minecraft:purpur_pillar":2,"minecraft:jungle_boat":4,"minecraft:glow_berries":1,"minecraft:white_wool":2,"minecraft:golden_apple":1,"minecraft:yellow_terracotta":1,"minecraft:loom":1,"minecraft:blast_furnace":2,"minecraft:crossbow":4,"minecraft:end_stone":247,"minecraft:firework_rocket":10,"minecraft:acacia_door":12,"minecraft:bread":3,"minecraft:lectern":341,"minecraft:gravel":20,"minecraft:diamond_sword":55,"minecraft:grindstone":2,"minecraft:smithing_table":6,"minecraft:andesite":12,"minecraft:oak_boat":1,"minecraft:bone_meal":258,"minecraft:oak_fence":6,"minecraft:enchanting_table":3,"minecraft:flint_and_steel":37,"minecraft:spruce_planks":91,"minecraft:cooked_chicken":17,"minecraft:netherrack":648,"minecraft:orange_bed":14,"minecraft:torch":646,"minecraft:dragon_egg":1,"minecraft:brewing_stand":2,"minecraft:dirt":674,"minecraft:anvil":2,"minecraft:white_carpet":13,"minecraft:hopper":18,"minecraft:shulker_box":4,"minecraft:cobblestone_wall":97,"minecraft:diamond_helmet":1,"minecraft:granite":24,"minecraft:iron_hoe":31,"minecraft:wooden_axe":6,"minecraft:bookshelf":16,"minecraft:iron_axe":513,"minecraft:acacia_slab":22,"minecraft:iron_boots":1,"minecraft:bamboo":26,"minecraft:diamond_chestplate":5,"minecraft:beef":1,"minecraft:minecart":15,"minecraft:cooked_beef":86,"minecraft:acacia_planks":645,"minecraft:cobbled_deepslate":10,"minecraft:iron_leggings":1,"minecraft:wheat_seeds":76,"minecraft:cooked_mutton":87,"minecraft:water_bucket":239,"minecraft:cartography_table":1,"minecraft:spruce_fence_gate":1,"minecraft:fletching_table":9,"minecraft:cobblestone_slab":221,"minecraft:terracotta":2,"minecraft:rail":259,"minecraft:crafting_table":16,"minecraft:oak_slab":2,"minecraft:red_bed":1,"minecraft:white_bed":62,"minecraft:spruce_log":14,"minecraft:oak_log":2,"minecraft:flower_pot":2,"minecraft:diamond_pickaxe":4181,"minecraft:acacia_stairs":5,"minecraft:diamond_shovel":1416,"minecraft:acacia_sign":19,"minecraft:iron_pickaxe":699,"minecraft:spruce_sapling":159,"minecraft:stone_axe":71,"minecraft:pink_bed":6,"minecraft:cobblestone":576,"minecraft:porkchop":12,"minecraft:cooked_porkchop":44,"minecraft:bucket":243},"minecraft:killed_by":{"minecraft:creeper":1,"minecraft:skeleton":1},"minecraft:broken":{"minecraft:golden_helmet":1,"minecraft:iron_shovel":1,"minecraft:diamond_helmet":1,"minecraft:diamond_pickaxe":1,"minecraft:diamond_axe":1,"minecraft:iron_axe":2,"minecraft:iron_pickaxe":2}},"DataVersion":3700}