{"stats":{"minecraft:crafted":{"minecraft:oak_planks":48,"minecraft:crafting_table":1,"minecraft:stick":8,"minecraft:wooden_pickaxe":1,"minecraft:stone_pickaxe":1,"minecraft:stone_sword":1,"minecraft:furnace":1,"minecraft:white_bed":1,"minecraft:stone_axe":1,"minecraft:air":0,"minecraft:cooked_mutton":2},"minecraft:custom":{"minecraft:time_since_rest":1979,"minecraft:interact_with_furnace":5,"minecraft:sprint_one_cm":34131,"minecraft:damage_taken":45,"minecraft:walk_one_cm":38194,"minecraft:mob_kills":8,"minecraft:animals_bred":1,"minecraft:damage_dealt":819,"minecraft:swim_one_cm":1050,"minecraft:interact_with_crafting_table":4,"minecraft:fly_one_cm":65889,"minecraft:open_chest":1,"minecraft:crouch_one_cm":994,"minecraft:play_time":21807,"minecraft:sneak_time":420,"minecraft:walk_under_water_one_cm":2000,"minecraft:jump":287,"minecraft:leave_game":1,"minecraft:time_since_death":21807,"minecraft:walk_on_water_one_cm":1418,"minecraft:interact_with_smoker":1,"minecraft:sleep_in_bed":2,"minecraft:total_world_time":21807,"minecraft:climb_one_cm":65,"minecraft:fall_one_cm":8014},"minecraft:used":{"minecraft:cooked_mutton":1,"minecraft:stone_pickaxe":11,"minecraft:wooden_pickaxe":13,"minecraft:stone_axe":19,"minecraft:dirt":1,"minecraft:crafting_table":4,"minecraft:furnace":3,"minecraft:white_bed":1},"minecraft:mined":{"minecraft:white_bed":1,"minecraft:furnace":2,"minecraft:crafting_table":3,"minecraft:short_grass":27,"minecraft:grass_block":7,"minecraft:oak_log":12,"minecraft:dirt":18,"minecraft:stone":18,"minecraft:diorite":4,"minecraft:oak_leaves":10},"minecraft:killed":{"minecraft:sheep":6,"minecraft:zombie":1},"minecraft:picked_up":{"minecraft:crafting_table":3,"minecraft:oak_log":12,"minecraft:diorite":4,"minecraft:dirt":25,"minecraft:rotten_flesh":2,"minecraft:wheat_seeds":6,"minecraft:light_gray_wool":2,"minecraft:oak_sapling":2,"minecraft:mutton":16,"minecraft:white_wool":4,"minecraft:cobblestone":17,"minecraft:furnace":2}},"DataVersion":3700}